,Website,Total Img Count,Optimized Img Count,Actual Bytes,Transferred Bytes,q-75,q-70,q-50,q-30,q-10
0,giphy.com,37.0,30.0,4706283.0,1476821.0,1408133.0,1406947.0,1402803.0,1396515.0,1389627.0
1,google.ch,20.0,4.0,1502663.0,523415.0,521763.0,521647.0,521135.0,518739.0,511801.0
2,rambler.ru,105.0,105.0,5429527.0,2409534.0,2217563.0,2215501.0,2206071.0,2186515.0,2139497.0
3,wellsfargo.com,25.0,24.0,1779729.0,839517.0,744344.0,736036.0,708930.0,679396.0,648974.0
4,visualstudio.com,39.0,22.0,12066685.0,9401657.0,1643715.0,1631321.0,1593247.0,1559899.0,1527875.0
5,nextdoor.com,34.0,28.0,11004461.0,2972321.0,2832841.0,2832841.0,2832841.0,2832841.0,2832841.0
6,grammarly.com,43.0,31.0,4536949.0,1902669.0,1887151.0,1886997.0,1879470.0,1799162.0,1713180.0
7,harvard.edu,34.0,29.0,7268104.0,4864863.0,3632163.0,3462883.0,2940387.0,2628995.0,2202963.0
8,onlinesbi.sbi,31.0,28.0,2748869.0,2430833.0,629767.0,609667.0,539093.0,456599.0,366877.0
9,ynet.co.il,48.0,42.0,9613329.0,3702722.0,3180306.0,3167976.0,3128186.0,3086144.0,3041054.0
10,nate.com,73.0,71.0,2163237.0,954162.0,611676.0,604094.0,577508.0,551050.0,522415.0
11,aparat.com,14.0,13.0,6346012.0,2379526.0,2007756.0,2005168.0,1996500.0,1987430.0,1977168.0
12,mynet.com,132.0,111.0,5414853.0,3580675.0,3211400.0,3111898.0,2708630.0,2234779.0,1835333.0
13,tutorialspoint.com,35.0,20.0,3908029.0,2425680.0,1137067.0,1130635.0,1108235.0,1084011.0,1058141.0
14,constantcontact.com,39.0,24.0,6863911.0,2365011.0,1654232.0,1650574.0,1637802.0,1624716.0,1609826.0
15,as.com,49.0,30.0,7554185.0,2665174.0,2269751.0,2248457.0,2172325.0,2099993.0,2024567.0
16,a8.net,76.0,49.0,2376366.0,2037235.0,871467.0,853085.0,793191.0,724175.0,646129.0
17,mayoclinic.org,35.0,23.0,7564749.0,1822806.0,1738030.0,1735008.0,1724350.0,1714822.0,1704716.0
18,it168.com,47.0,47.0,3766452.0,3441922.0,521270.0,503414.0,438926.0,379750.0,317778.0
19,stackexchange.com,70.0,59.0,1634520.0,976396.0,470631.0,456000.0,411420.0,367230.0,324120.0
20,credit.agricole.fr,35.0,19.0,7216197.0,3159367.0,2145195.0,2125231.0,2054707.0,1993341.0,1932733.0
21,sabq.org,78.0,74.0,6745517.0,2410259.0,2385522.0,2381984.0,2360895.0,2304783.0,2136941.0
22,tgju.org,33.0,32.0,4503766.0,2201567.0,1911376.0,1895798.0,1837285.0,1751952.0,1636914.0
23,winshang.com,106.0,105.0,5569256.0,5453559.0,888995.0,858919.0,759549.0,652843.0,537071.0
24,fun48.com,56.0,55.0,427604.0,303263.0,137382.0,134376.0,123614.0,112842.0,100730.0
25,twitch.tv,129.0,129.0,4691299.0,2642101.0,1043170.0,1025646.0,962666.0,894972.0,822722.0
26,istockphoto.com,54.0,34.0,7201547.0,3857708.0,2279940.0,2239346.0,2101354.0,1963098.0,1813476.0
27,web.de,52.0,52.0,2780292.0,1117082.0,708856.0,704993.0,690533.0,667229.0,639361.0
28,alimama.com,45.0,29.0,8249244.0,5641756.0,1278813.0,1263393.0,1219413.0,1175051.0,1134195.0
29,schwab.com,24.0,22.0,6709711.0,2091886.0,1945173.0,1933189.0,1890773.0,1847765.0,1804467.0
30,google.com.vn,20.0,3.0,2118161.0,1083356.0,1083199.0,1083201.0,1083135.0,1081265.0,1074761.0
31,op.gg,19.0,15.0,7417991.0,2139093.0,1857793.0,1853245.0,1840083.0,1824700.0,1806914.0
32,trustpilot.com,93.0,61.0,4826180.0,2083662.0,1443671.0,1434827.0,1407777.0,1382303.0,1358183.0
33,lenovo.com,33.0,14.0,5287399.0,2121301.0,1989443.0,1980255.0,1949795.0,1917143.0,1882331.0
34,dream.co.id,134.0,131.0,8213974.0,2845874.0,1948750.0,1934618.0,1891630.0,1846756.0,1799668.0
35,1337x.to,3.0,2.0,1047877.0,478377.0,415909.0,415483.0,413837.0,412317.0,410901.0
36,grid.id,53.0,14.0,6685871.0,4811223.0,4809328.0,4808984.0,4803573.0,4795777.0,4782040.0
37,instacart.com,27.0,18.0,4554640.0,1607299.0,1482454.0,1475780.0,1460840.0,1450976.0,1436768.0
38,skroutz.gr,33.0,31.0,2541191.0,1172359.0,520923.0,519551.0,515481.0,511133.0,506681.0
39,gap.com,102.0,72.0,14235235.0,4120970.0,3726739.0,3695946.0,3596181.0,3490227.0,3390125.0
40,ameba.jp,21.0,19.0,5335518.0,4099896.0,1350482.0,1315046.0,1199428.0,1080428.0,959892.0
41,caixabank.es,75.0,74.0,2988245.0,1129287.0,809999.0,798729.0,760795.0,723561.0,682439.0
42,cnbc.com,43.0,29.0,14383612.0,4461651.0,4454370.0,4451974.0,4441317.0,4417223.0,4380897.0
43,farfetch.com,25.0,16.0,6726883.0,2095353.0,1961683.0,1958681.0,1948809.0,1937549.0,1923319.0
44,xfinity.com,117.0,39.0,11624904.0,4144140.0,3129904.0,3121484.0,3093770.0,3066220.0,3039536.0
45,cpic.com.cn,84.0,83.0,4213885.0,3884445.0,1453932.0,1433904.0,1367373.0,1291163.0,1209607.0
46,live.com,31.0,18.0,5131142.0,2944179.0,1816045.0,1765363.0,1590487.0,1415469.0,1234991.0
47,ltn.com.tw,98.0,80.0,13870964.0,7992766.0,6254276.0,6184962.0,5956058.0,5719224.0,5456947.0
48,udemy.com,71.0,63.0,4585925.0,1537916.0,1343016.0,1339728.0,1328551.0,1315453.0,1302641.0
49,aljazeera.com,97.0,86.0,8542225.0,3530027.0,2636787.0,2617971.0,2546741.0,2474125.0,2394844.0
50,shopee.sg,83.0,75.0,12394972.0,6762416.0,2869928.0,2819062.0,2660532.0,2497296.0,2336464.0
51,google.ro,20.0,3.0,1504620.0,523397.0,523273.0,523275.0,523209.0,521316.0,514812.0
52,epicgames.com,157.0,150.0,27388522.0,21229137.0,15034373.0,14551132.0,12564199.0,10155764.0,7401407.0
53,fc2.com,9.0,9.0,419487.0,299978.0,143230.0,139972.0,130702.0,120804.0,109330.0
54,agoda.com,32.0,17.0,9916646.0,2895402.0,2140156.0,2132572.0,2109594.0,2082222.0,2054324.0
55,soundcloud.com,12.0,12.0,2680790.0,1060024.0,902591.0,894751.0,867819.0,840755.0,813575.0
56,yumpu.com,42.0,34.0,10931343.0,6752358.0,2693617.0,2656993.0,2540139.0,2422571.0,2309081.0
57,makemytrip.com,31.0,14.0,2443575.0,1038296.0,942712.0,933794.0,901068.0,861503.0,819757.0
58,banggood.com,63.0,43.0,5257600.0,1852735.0,1673116.0,1669032.0,1652992.0,1628860.0,1606982.0
59,okta.com,106.0,66.0,16268905.0,10569025.0,10020886.0,10017310.0,10003038.0,9989498.0,9974892.0
60,amazon.com.br,270.0,159.0,3085107.0,2088831.0,1322485.0,1287461.0,1170221.0,1041537.0,913056.0
61,zhihu.com,11.0,11.0,5401997.0,1776469.0,1586319.0,1578829.0,1553973.0,1528155.0,1497281.0
62,xe.com,41.0,40.0,6514779.0,2198687.0,2031151.0,2030037.0,2026281.0,2022129.0,2017381.0
63,stackoverflow.com,25.0,12.0,1917047.0,525917.0,501165.0,500747.0,499351.0,496930.0,494427.0
64,gtmetrix.com,9.0,8.0,1122485.0,565074.0,455288.0,447134.0,421910.0,394806.0,364466.0
65,hp.com,118.0,52.0,8655665.0,3085652.0,2566430.0,2538799.0,2448005.0,2350953.0,2251153.0
66,hrloo.com,49.0,48.0,2484406.0,1734676.0,767853.0,751755.0,700042.0,645368.0,590134.0
67,wiktionary.org,18.0,18.0,226970.0,245583.0,103717.0,101547.0,94477.0,86651.0,76911.0
68,joins.com,52.0,48.0,10757245.0,9647903.0,4597503.0,4578675.0,4517729.0,4457017.0,4389213.0
69,caigou2003.com,42.0,42.0,18830835.0,18227073.0,2507909.0,2375995.0,1965127.0,1553309.0,1136967.0
70,google.com.hk,20.0,9.0,1505062.0,523918.0,522196.0,522080.0,521568.0,519172.0,512234.0
71,mail.ru,129.0,111.0,6204762.0,4328743.0,1892791.0,1829545.0,1602173.0,1387414.0,1167834.0
72,anjuke.com,33.0,32.0,2719603.0,1312794.0,966330.0,954864.0,912672.0,866856.0,818306.0
73,turnitin.com,19.0,15.0,5205831.0,4093638.0,1032610.0,1015230.0,954236.0,900168.0,852394.0
74,cnnindonesia.com,100.0,84.0,10464903.0,4067076.0,3056756.0,3012698.0,2868352.0,2716698.0,2552916.0
75,ebay.fr,52.0,52.0,2160103.0,1558333.0,371547.0,369409.0,360940.0,346184.0,332172.0
76,medium.com,76.0,76.0,3822835.0,2027697.0,945306.0,937956.0,912870.0,885860.0,856114.0
77,tianya.cn,29.0,22.0,1267475.0,800990.0,494115.0,481627.0,440015.0,400017.0,357479.0
78,81.cn,96.0,94.0,7950327.0,7983835.0,2555980.0,2516022.0,2377780.0,2234360.0,2087962.0
79,olx.com.br,32.0,21.0,4654840.0,1399414.0,1341716.0,1335888.0,1316770.0,1295624.0,1272390.0
80,jetbrains.com,10.0,5.0,6797778.0,2475853.0,2146240.0,2137910.0,2119308.0,2103720.0,2091754.0
81,chinajsq.cn,122.0,122.0,4076890.0,3954335.0,1954153.0,1915201.0,1785661.0,1644011.0,1491683.0
82,cmoney.tw,66.0,50.0,8563312.0,5072276.0,2880375.0,2858839.0,2786477.0,2707431.0,2622677.0
83,sdpnoticias.com,13.0,10.0,2012788.0,882796.0,816675.0,815503.0,811399.0,806933.0,802341.0
84,rg.ru,88.0,45.0,6024695.0,3301798.0,2794372.0,2772738.0,2697192.0,2623252.0,2544450.0
85,manganelo.com,63.0,63.0,5693333.0,5197520.0,993405.0,955195.0,832057.0,707435.0,568579.0
86,metropoles.com,135.0,84.0,7409604.0,2434567.0,2385938.0,2382658.0,2374078.0,2364840.0,2355198.0
87,elintransigente.com,30.0,28.0,2615586.0,1617822.0,983195.0,958559.0,877129.0,801885.0,729187.0
88,usatoday.com,81.0,59.0,6677096.0,1841669.0,1704556.0,1703746.0,1701368.0,1698646.0,1693617.0
89,coupang.com,84.0,81.0,5118474.0,3651958.0,1804921.0,1772853.0,1672363.0,1552435.0,1435425.0
90,discogs.com,47.0,43.0,9979261.0,6598284.0,2684920.0,2656712.0,2501252.0,2222219.0,1901311.0
91,bbc.com,68.0,63.0,4849189.0,2006340.0,1714816.0,1697440.0,1640978.0,1585288.0,1504732.0
92,superuser.com,19.0,13.0,2454667.0,802408.0,619808.0,616734.0,607346.0,597190.0,582808.0
93,apnews.com,33.0,27.0,6378397.0,2142924.0,1941393.0,1928629.0,1885115.0,1843683.0,1798827.0
94,blizzard.com,64.0,62.0,8488295.0,7198855.0,2346678.0,2268654.0,1988460.0,1708784.0,1443488.0
95,canva.com,46.0,38.0,3104908.0,1391078.0,1186854.0,1172520.0,1149374.0,1129132.0,1102972.0
96,mercadolibre.com,2.0,1.0,195242.0,78980.0,78980.0,78980.0,78980.0,78980.0,78639.0
97,surveymonkey.com,18.0,13.0,22472389.0,6606498.0,6025177.0,6021927.0,6010323.0,5997333.0,5983423.0
98,google.co.id,20.0,3.0,2015356.0,1030066.0,1029932.0,1029934.0,1029868.0,1027998.0,1021494.0
99,investing.com,31.0,12.0,3115457.0,1366444.0,1172168.0,1166624.0,1147742.0,1128212.0,1106284.0
100,biblegateway.com,58.0,59.0,3473158.0,1444299.0,1025245.0,1023257.0,1017445.0,1010185.0,1002689.0
101,theguardian.com,97.0,78.0,4524350.0,1797842.0,1467598.0,1452888.0,1384530.0,1266828.0,1180308.0
102,sbisec.co.jp,263.0,242.0,7527183.0,3097454.0,2425654.0,2413308.0,2369388.0,2318100.0,2256861.0
103,mathrubhumi.com,58.0,9.0,2925301.0,1185049.0,1182999.0,1182959.0,1182562.0,1182000.0,1181384.0
104,oxu.az,42.0,39.0,3066814.0,2127683.0,1241927.0,1201005.0,1056817.0,914609.0,762207.0
105,yelp.com,30.0,31.0,3547952.0,1314827.0,915627.0,912542.0,901962.0,890628.0,877750.0
106,sina.com.cn,468.0,261.0,14694555.0,9859135.0,3378328.0,3292435.0,2999927.0,2689031.0,2346707.0
107,globalsources.com,50.0,26.0,6196464.0,2500315.0,1852199.0,1843387.0,1812679.0,1777447.0,1741419.0
108,jstor.org,27.0,26.0,4247855.0,2515244.0,1645233.0,1552779.0,1316283.0,1187567.0,1029679.0
109,bhaskar.com,32.0,22.0,5203279.0,2799107.0,1885911.0,1844131.0,1708262.0,1570914.0,1420202.0
110,savefrom.net,32.0,11.0,1015954.0,461154.0,377023.0,374947.0,367689.0,358823.0,349711.0
111,pixabay.com,14.0,13.0,2470791.0,1101671.0,929096.0,907300.0,846134.0,780286.0,705956.0
112,dailymail.co.uk,106.0,100.0,10030128.0,3544248.0,3169385.0,3158029.0,3108285.0,3030615.0,2953421.0
113,hubspot.com,27.0,11.0,5028615.0,1601196.0,1344432.0,1342956.0,1337600.0,1331780.0,1326562.0
114,worldometers.info,34.0,23.0,3178411.0,1015772.0,1010893.0,1010847.0,1010623.0,1010449.0,1010205.0
115,rasadvarzeshi.com,51.0,50.0,2534357.0,2016573.0,1270649.0,1227871.0,1089481.0,955209.0,821448.0
116,google.com.sg,20.0,8.0,1797880.0,754444.0,754287.0,754289.0,754223.0,752353.0,745849.0
117,azure.com,30.0,14.0,2396758.0,920247.0,872108.0,864764.0,833790.0,799420.0,771236.0
118,kapanlagi.com,58.0,53.0,3785138.0,1858174.0,1544902.0,1538608.0,1516324.0,1492460.0,1465711.0
119,statcounter.com,39.0,7.0,1241585.0,465918.0,449684.0,449436.0,448548.0,447564.0,446380.0
120,eastmoney.com,37.0,36.0,712544.0,440333.0,161952.0,160900.0,156390.0,151124.0,145862.0
121,google.az,20.0,3.0,2005768.0,1025176.0,1025019.0,1025021.0,1024955.0,1023085.0,1016581.0
122,google.be,20.0,4.0,1621135.0,584967.0,583245.0,583129.0,582617.0,580221.0,573283.0
123,breitbart.com,85.0,80.0,4374832.0,2122221.0,1642153.0,1629645.0,1585873.0,1542381.0,1499507.0
124,patria.org.ve,21.0,21.0,3003750.0,2862919.0,747298.0,721534.0,641630.0,563302.0,483018.0
125,okezone.com,174.0,147.0,15338257.0,10287965.0,7341579.0,6927797.0,5514427.0,4423757.0,3721719.0
126,onlinemektep.org,23.0,13.0,8968763.0,4946900.0,4553958.0,4541942.0,4500314.0,4457948.0,4417574.0
127,nikkei.com,97.0,14.0,3577382.0,1926784.0,1277761.0,1271385.0,1252811.0,1232973.0,1213177.0
128,nairaland.com,11.0,8.0,1065296.0,465539.0,455376.0,455368.0,455334.0,455294.0,455246.0
129,uscis.gov,26.0,16.0,3631677.0,2077609.0,1931724.0,1918994.0,1873643.0,1827567.0,1782090.0
130,104.com.tw,56.0,38.0,3292862.0,1421014.0,1044812.0,1036276.0,1006944.0,974720.0,936986.0
131,huaban.com,67.0,62.0,4415558.0,3891823.0,1300793.0,1249561.0,1076231.0,884863.0,678089.0
132,naukri.com,23.0,16.0,1980817.0,647892.0,614754.0,613404.0,609348.0,605706.0,601138.0
133,asriran.com,58.0,54.0,2947442.0,1403401.0,1124005.0,1110219.0,1061404.0,1009240.0,953254.0
134,hipwee.com,65.0,22.0,8687145.0,5342730.0,5205960.0,5199228.0,5177726.0,5157774.0,5138896.0
135,google.hu,20.0,4.0,1504139.0,524609.0,522864.0,522748.0,522236.0,519840.0,512902.0
136,collegeboard.org,5.0,1.0,9999269.0,2882179.0,2881808.0,2881808.0,2881808.0,2881808.0,2881808.0
137,indiamart.com,30.0,27.0,4504000.0,1539819.0,1384177.0,1378217.0,1348457.0,1302401.0,1262391.0
138,weebly.com,25.0,11.0,8226247.0,2507049.0,2358427.0,2352141.0,2328615.0,2299091.0,2269281.0
139,kakaku.com,123.0,95.0,6863951.0,3565751.0,2184653.0,2156450.0,2059766.0,1957926.0,1850614.0
140,tradingview.com,82.0,36.0,6891256.0,2927324.0,2697944.0,2686424.0,2652812.0,2619226.0,2584772.0
141,hindustantimes.com,190.0,128.0,6877961.0,3035301.0,2861484.0,2834106.0,2731081.0,2605983.0,2459268.0
142,weixinyunduan.com,48.0,47.0,776221.0,673172.0,360063.0,351199.0,321170.0,288900.0,246202.0
143,dictionary.com,28.0,8.0,4803885.0,1497645.0,1437957.0,1435391.0,1429131.0,1423459.0,1416535.0
144,geeksforgeeks.org,27.0,11.0,2238131.0,1199260.0,970532.0,968608.0,962530.0,955730.0,948262.0
145,bolasport.com,64.0,53.0,5765662.0,2768225.0,2482019.0,2467251.0,2409007.0,2334219.0,2241337.0
146,abs.cbn.com,79.0,71.0,8455811.0,4962142.0,3427510.0,3338646.0,3067434.0,2795374.0,2517406.0
147,brightspace.com,22.0,20.0,7865765.0,2492519.0,2108584.0,2092860.0,2033632.0,1980016.0,1924292.0
148,telewebion.com,48.0,41.0,7262399.0,2658617.0,1765460.0,1753876.0,1715790.0,1674474.0,1628784.0
149,cnn.com,67.0,63.0,15193180.0,4636933.0,4479904.0,4477082.0,4467636.0,4458184.0,4445866.0
150,jd.com,54.0,49.0,9948799.0,6051197.0,2087309.0,2063883.0,1970981.0,1872513.0,1779521.0
151,labanquepostale.fr,16.0,13.0,3919754.0,2361497.0,1916233.0,1899339.0,1837621.0,1777215.0,1713013.0
152,livejournal.com,75.0,17.0,6654753.0,2706814.0,2574133.0,2568921.0,2548755.0,2528413.0,2508313.0
153,impress.co.jp,40.0,29.0,4085723.0,3210913.0,1272020.0,1244754.0,1160218.0,1063344.0,954782.0
154,newsmth.net,13.0,7.0,3049032.0,1331734.0,1141597.0,1129179.0,1088397.0,1045381.0,1005003.0
155,y2mate.com,3.0,3.0,701785.0,257741.0,243097.0,242633.0,240681.0,239299.0,237205.0
156,people.com,109.0,93.0,12176112.0,4219797.0,4117354.0,4114198.0,4103996.0,4081257.0,4020287.0
157,ivi.ru,83.0,60.0,11375602.0,4237530.0,2735681.0,2707439.0,2585709.0,2448727.0,2303789.0
158,wikipedia.org,3.0,2.0,117136.0,75681.0,49987.0,49355.0,46789.0,44595.0,41659.0
159,kemdikbud.go.id,13.0,12.0,3111205.0,2842474.0,535834.0,512432.0,433758.0,354714.0,272594.0
160,lichess.org,4.0,3.0,383822.0,223440.0,179251.0,177747.0,171507.0,165727.0,159180.0
161,study.com,57.0,33.0,2992063.0,1461402.0,853310.0,838078.0,787270.0,737536.0,688006.0
162,blogger.com,44.0,44.0,1624103.0,1409127.0,608054.0,593886.0,546416.0,492413.0,433069.0
163,oracle.com,30.0,14.0,4771483.0,1816482.0,1609142.0,1598992.0,1562538.0,1531216.0,1503056.0
164,speedtest.net,23.0,16.0,6472311.0,2234878.0,2095911.0,2094059.0,2088915.0,2083959.0,2079973.0
165,hurriyet.com.tr,49.0,24.0,6090076.0,2019728.0,1944953.0,1935157.0,1896877.0,1854239.0,1815787.0
166,qoo10.sg,78.0,76.0,6197425.0,4439692.0,1721276.0,1673680.0,1513516.0,1332586.0,1133541.0
167,olymptrade.com,29.0,20.0,4758731.0,1658264.0,1615637.0,1613613.0,1604013.0,1585693.0,1574617.0
168,gotowebinar.com,53.0,30.0,5133265.0,2303410.0,1879037.0,1867443.0,1828201.0,1787039.0,1746645.0
169,google.co.uk,20.0,3.0,1685267.0,697206.0,697072.0,697074.0,697008.0,695138.0,688634.0
170,google.com,20.0,3.0,1505040.0,523013.0,522889.0,522891.0,522825.0,521202.0,514698.0
171,twitter.com,1.0,1.0,6010349.0,2004194.0,2004194.0,2004194.0,1987448.0,1949494.0,1896136.0
172,linguee.com,15.0,8.0,1223091.0,749110.0,419245.0,410135.0,377675.0,344637.0,306831.0
173,gamespot.com,84.0,76.0,9833989.0,3712073.0,2962456.0,2943312.0,2883324.0,2820612.0,2754852.0
174,ouo.io,11.0,11.0,1256815.0,556568.0,508491.0,496971.0,484510.0,466924.0,451772.0
175,zhanqi.tv,78.0,77.0,4984957.0,3756657.0,1102842.0,1070938.0,968402.0,862446.0,748354.0
176,filimo.com,78.0,75.0,4867216.0,3221587.0,1614859.0,1561945.0,1384845.0,1195233.0,993087.0
177,fidelity.com,37.0,10.0,3891863.0,1077023.0,1072569.0,1072539.0,1072273.0,1071903.0,1071251.0
178,repubblica.it,20.0,16.0,2276341.0,813659.0,785720.0,779448.0,750900.0,717210.0,691316.0
179,timeanddate.com,18.0,11.0,1536310.0,660627.0,599491.0,597553.0,589227.0,583564.0,575544.0
180,huffpost.com,115.0,115.0,10247546.0,2991922.0,2901708.0,2897309.0,2880105.0,2861265.0,2843705.0
181,symbolab.com,8.0,3.0,2716651.0,993086.0,985216.0,982498.0,974012.0,962619.0,953277.0
182,javatpoint.com,72.0,70.0,783929.0,396040.0,333915.0,331907.0,324790.0,316496.0,307368.0
183,afip.gob.ar,51.0,4.0,2322027.0,2329776.0,2270847.0,2267693.0,2256647.0,2234397.0,2221411.0
184,vimeo.com,15.0,11.0,4147955.0,1345301.0,1342180.0,1342180.0,1342180.0,1342180.0,1342180.0
185,6.cn,54.0,24.0,1773775.0,659142.0,586723.0,585331.0,580505.0,575045.0,569443.0
186,huanqiu.com,112.0,81.0,6466752.0,4635299.0,2252495.0,2211621.0,2074643.0,1935473.0,1782285.0
187,pchome.com.tw,226.0,192.0,13025471.0,8466169.0,4201678.0,4062058.0,3592594.0,3106604.0,2586660.0
188,rbc.ru,31.0,17.0,2662165.0,1110774.0,1075377.0,1071453.0,1051951.0,1028337.0,999385.0
189,euronews.com,186.0,144.0,15036732.0,2706091.0,2454463.0,2435121.0,2358413.0,2277541.0,2184533.0
190,kknews.cc,41.0,29.0,3224517.0,835544.0,817229.0,815808.0,808852.0,797763.0,779763.0
191,kq36.com,9.0,6.0,975652.0,359001.0,349038.0,349032.0,348998.0,348956.0,348910.0
192,haberturk.com,41.0,25.0,2006690.0,767503.0,698159.0,693049.0,672951.0,652773.0,630423.0
193,shomanews.com,29.0,28.0,1625718.0,1097186.0,1028055.0,1023429.0,1006149.0,988005.0,926409.0
194,liputan6.com,61.0,44.0,4473426.0,1551560.0,1486269.0,1485163.0,1480648.0,1473841.0,1457565.0
195,google.nl,20.0,4.0,1499378.0,520506.0,518761.0,518645.0,518133.0,515737.0,508799.0
196,theepochtimes.com,203.0,173.0,9448158.0,7243551.0,4571494.0,4545812.0,4453418.0,4362114.0,4270016.0
197,ladbible.com,186.0,46.0,15765844.0,3386951.0,3148368.0,3146614.0,3137094.0,3117806.0,3099302.0
198,quora.com,4.0,3.0,4743052.0,1371851.0,1309288.0,1306260.0,1296754.0,1285780.0,1276744.0
199,td.com,62.0,14.0,8661093.0,4694683.0,2159152.0,2142772.0,2094380.0,2047020.0,2001892.0
200,hops.id,76.0,66.0,3950881.0,2096657.0,1284490.0,1267200.0,1206723.0,1140675.0,1057596.0
201,hi.ru,65.0,57.0,5007124.0,1713761.0,1449867.0,1430665.0,1366865.0,1301396.0,1226772.0
202,coursera.org,222.0,214.0,7120367.0,2623558.0,2116164.0,2113274.0,2100943.0,2086163.0,2073243.0
203,chip.de,46.0,24.0,2547256.0,1047089.0,960073.0,956231.0,943139.0,929879.0,915051.0
204,wordpress.org,13.0,9.0,2042548.0,1457886.0,1026776.0,1000392.0,911322.0,817606.0,715326.0
205,donya.e.eqtesad.com,31.0,28.0,2661280.0,1338698.0,1288872.0,1285051.0,1258768.0,1205014.0,1112883.0
206,thehill.com,39.0,27.0,9358724.0,4414555.0,2289260.0,2278318.0,2236802.0,2196336.0,2152838.0
207,huawei.com,24.0,20.0,2984976.0,1826365.0,1130050.0,1100924.0,1012192.0,930382.0,849930.0
208,amazon.co.uk,115.0,1.0,2244479.0,1188706.0,1186874.0,1186678.0,1186088.0,1185412.0,1184702.0
209,kp.ru,29.0,22.0,2798701.0,1285908.0,1067762.0,1061462.0,1040134.0,1011790.0,983879.0
210,ecosia.org,10.0,1.0,1834146.0,1064983.0,1064448.0,1064426.0,1064310.0,1064188.0,1064072.0
211,accuweather.com,23.0,2.0,5403335.0,1910748.0,1895360.0,1895168.0,1894512.0,1893962.0,1893512.0
212,brainly.com,28.0,19.0,3407903.0,1022282.0,984862.0,981496.0,970492.0,959484.0,947888.0
213,unsplash.com,34.0,10.0,2972299.0,1572388.0,1560827.0,1560827.0,1560827.0,1560827.0,1560827.0
214,hnu.edu.cn,48.0,47.0,4309415.0,4245940.0,655929.0,626165.0,522663.0,421193.0,312767.0
215,51sole.com,114.0,112.0,6982444.0,6442005.0,1271875.0,1230803.0,1097517.0,958649.0,819741.0
216,imdb.com,62.0,44.0,7098766.0,2767360.0,2439616.0,2377066.0,2158208.0,1933238.0,1694090.0
217,trulia.com,0.0,1.0,541172.0,458582.0,458136.0,458136.0,458136.0,458136.0,458136.0
218,jrj.com.cn,67.0,67.0,1393268.0,1419558.0,367726.0,349704.0,286556.0,221272.0,150226.0
219,allegro.pl,47.0,13.0,1915631.0,1223863.0,1087384.0,1084216.0,1073846.0,1061732.0,1047792.0
220,kakao.com,27.0,27.0,4756513.0,3971074.0,2733697.0,2697363.0,2618375.0,2551509.0,2493669.0
221,vseigru.net,32.0,31.0,1415627.0,692045.0,527909.0,522847.0,504161.0,484237.0,461495.0
222,google.co.kr,20.0,3.0,2130135.0,1089100.0,1088966.0,1088968.0,1088902.0,1087032.0,1080528.0
223,chinabm.cn,502.0,496.0,6055586.0,6015546.0,2034105.0,1994425.0,1856024.0,1695381.0,1519692.0
224,paytm.com,32.0,12.0,2796330.0,1049176.0,1040465.0,1040153.0,1038650.0,1036817.0,1034807.0
225,58.com,19.0,13.0,358018.0,190246.0,156191.0,154949.0,151121.0,146905.0,142579.0
226,t.me,16.0,11.0,1106043.0,841762.0,434475.0,428653.0,408931.0,387371.0,364455.0
227,depositphotos.com,37.0,19.0,5849970.0,2001216.0,1608441.0,1587323.0,1507967.0,1431270.0,1344264.0
228,google.at,20.0,4.0,1614037.0,581203.0,579458.0,579342.0,578830.0,576434.0,569496.0
229,business.site,15.0,12.0,2927040.0,956712.0,890886.0,886248.0,871894.0,856408.0,841864.0
230,mufg.jp,31.0,28.0,7902906.0,4574495.0,1517513.0,1487925.0,1386315.0,1292537.0,1190745.0
231,pinterest.com,50.0,36.0,9808426.0,5051755.0,4404831.0,4341869.0,4134263.0,3907433.0,3682565.0
232,youku.com,53.0,46.0,8689155.0,7415656.0,3772039.0,3756409.0,3688629.0,3614933.0,3549269.0
233,ih5.cn,29.0,17.0,10102414.0,6434836.0,4854745.0,4844451.0,4810005.0,4770733.0,4728115.0
234,thefreedictionary.com,121.0,93.0,7183451.0,2205553.0,2117685.0,2116086.0,2111134.0,2104862.0,2089220.0
235,patch.com,25.0,22.0,3669522.0,1367128.0,1347459.0,1340289.0,1304293.0,1235069.0,1172601.0
236,roblox.com,6.0,6.0,4339610.0,1393606.0,1087384.0,1086582.0,1083437.0,1079907.0,1076149.0
237,newegg.com,123.0,123.0,7637130.0,3716795.0,2023085.0,2020637.0,2012095.0,2003095.0,1992909.0
238,desmos.com,16.0,16.0,2205232.0,1607525.0,598869.0,587035.0,548837.0,508279.0,470605.0
239,sonyliv.com,19.0,12.0,13075062.0,3551631.0,3532708.0,3531406.0,3526412.0,3518246.0,3513020.0
240,duolingo.com,27.0,17.0,4017981.0,1248154.0,1220732.0,1220732.0,1220732.0,1220732.0,1220732.0
241,urdupoint.com,88.0,75.0,4062199.0,1702971.0,1553589.0,1547779.0,1526913.0,1504065.0,1477965.0
242,163.com,166.0,44.0,4646460.0,2707354.0,2606329.0,2598573.0,2571721.0,2543179.0,2505664.0
243,redbubble.com,58.0,41.0,8799598.0,3096814.0,2640734.0,2612996.0,2520826.0,2428942.0,2331077.0
244,olx.in,57.0,48.0,5156885.0,2173161.0,2165945.0,2165761.0,2164718.0,2119662.0,1852599.0
245,freepik.es,25.0,16.0,6498767.0,2244703.0,1879117.0,1867511.0,1827831.0,1785941.0,1743871.0
246,edmodo.com,18.0,13.0,8307325.0,1964644.0,1922861.0,1916871.0,1901474.0,1886652.0,1869390.0
247,vecteezy.com,31.0,28.0,5400206.0,2003254.0,1763559.0,1758209.0,1739425.0,1721291.0,1702235.0
248,mydrivers.com,3.0,3.0,19487.0,20738.0,8901.0,8837.0,8547.0,8247.0,7897.0
249,mheducation.com,24.0,18.0,4743317.0,2604218.0,1987458.0,1976112.0,1937694.0,1900098.0,1859264.0
250,zhcw.com,113.0,104.0,4523398.0,3728845.0,1275548.0,1252220.0,1168982.0,1075746.0,973418.0
251,shopee.co.id,88.0,78.0,9015896.0,4604326.0,2535484.0,2496396.0,2369954.0,2225050.0,2080922.0
252,premierleague.com,136.0,125.0,13931996.0,5534088.0,3792126.0,3765680.0,3665790.0,3550359.0,3431977.0
253,glassdoor.co.in,16.0,10.0,7204634.0,2443892.0,2149188.0,2144136.0,2124646.0,2101179.0,2078013.0
254,flipkart.com,24.0,24.0,6889717.0,1548151.0,1445279.0,1437737.0,1411507.0,1381373.0,1344189.0
255,17track.net,71.0,43.0,9151188.0,1397178.0,1391661.0,1390783.0,1386901.0,1381725.0,1376429.0
256,adobe.com,58.0,7.0,7425419.0,2424056.0,2194149.0,2192331.0,2185381.0,2178069.0,2169557.0
257,iqiyi.com,44.0,30.0,3970377.0,2835222.0,1149819.0,1109721.0,971822.0,848562.0,739922.0
258,daraz.pk,78.0,22.0,5543932.0,3360433.0,3130752.0,3119428.0,3081420.0,3034126.0,2973782.0
259,merdeka.com,84.0,70.0,5324225.0,2120208.0,1518887.0,1503191.0,1447001.0,1385535.0,1317779.0
260,toppr.com,96.0,9.0,12678903.0,4757748.0,4704842.0,4704840.0,4704732.0,4704648.0,4704550.0
261,google.com.pk,20.0,4.0,1617011.0,582424.0,580772.0,580656.0,580144.0,577748.0,570810.0
262,lun.com,99.0,88.0,3378728.0,1382976.0,1323231.0,1319783.0,1308459.0,1296579.0,1255336.0
263,manoramaonline.com,72.0,62.0,3934855.0,2134268.0,1273401.0,1256333.0,1195649.0,1131625.0,1059505.0
264,wsj.com,77.0,63.0,18579607.0,9463480.0,6412744.0,6403156.0,6371852.0,6333908.0,6293350.0
265,hsbc.com.hk,154.0,14.0,5491832.0,2024938.0,1569045.0,1561573.0,1533869.0,1506125.0,1477755.0
266,varzesh3.com,106.0,77.0,4386851.0,2999596.0,2334857.0,2294891.0,2095394.0,1879848.0,1640693.0
267,sarkariresult.com,32.0,19.0,5210075.0,1759011.0,1586578.0,1578960.0,1557816.0,1537236.0,1517740.0
268,ozon.ru,80.0,74.0,4833161.0,1564137.0,1494542.0,1481538.0,1433364.0,1350386.0,1290814.0
269,britannica.com,28.0,22.0,6616792.0,2167035.0,2086792.0,2081350.0,2058086.0,2032608.0,2005222.0
270,ptt.cc,6.0,6.0,144123.0,66489.0,58831.0,58695.0,58213.0,57717.0,57147.0
271,toutiao.com,2.0,2.0,896052.0,359093.0,296215.0,295729.0,295029.0,294549.0,293865.0
272,somoynews.tv,18.0,17.0,5787333.0,2776193.0,1657467.0,1638297.0,1573603.0,1510323.0,1441549.0
273,motor1.com,72.0,66.0,7202128.0,2610986.0,2485254.0,2476350.0,2419106.0,2326552.0,2200060.0
274,samsung.com,84.0,76.0,8447896.0,3753039.0,3144857.0,3127095.0,3076004.0,3021203.0,2965298.0
275,amazon.fr,119.0,66.0,3378364.0,1963436.0,1743493.0,1714191.0,1617295.0,1517763.0,1413798.0
276,asana.com,52.0,38.0,12971199.0,7214438.0,2745888.0,2717122.0,2617728.0,2512376.0,2408814.0
277,eghtesadnews.com,38.0,36.0,1953323.0,1341077.0,1052805.0,1030631.0,952751.0,870100.0,734046.0
278,poshmark.com,129.0,110.0,5968458.0,2702051.0,2084936.0,2057606.0,1960006.0,1852270.0,1731302.0
279,joinhoney.com,89.0,74.0,7870975.0,3068331.0,2838681.0,2837125.0,2833049.0,2828441.0,2823727.0
280,facebook.com,5.0,4.0,1139475.0,346459.0,336159.0,336057.0,335769.0,335491.0,335147.0
281,alibaba.com,145.0,141.0,6045198.0,2525714.0,2085028.0,2070036.0,2006816.0,1907326.0,1825610.0
282,google.de,20.0,3.0,1505026.0,524414.0,524290.0,524292.0,524226.0,522333.0,515829.0
283,npr.org,48.0,33.0,7199169.0,2655842.0,2369981.0,2367915.0,2361099.0,2356409.0,2347251.0
284,insider.com,36.0,27.0,8174083.0,2330343.0,2294176.0,2289507.0,2253123.0,2213211.0,2170143.0
285,wetransfer.com,14.0,11.0,5285038.0,2166985.0,1563719.0,1561117.0,1551593.0,1542215.0,1532765.0
286,emalls.ir,131.0,129.0,1684618.0,1294108.0,771789.0,747263.0,666002.0,577444.0,487716.0
287,270towin.com,221.0,208.0,12679132.0,7673248.0,3209907.0,3171511.0,3033975.0,2885833.0,2724227.0
288,lazada.co.th,93.0,92.0,3814528.0,2404350.0,1602503.0,1567049.0,1436595.0,1271149.0,1115171.0
289,messenger.com,8.0,5.0,2300950.0,1559887.0,720965.0,712629.0,681545.0,646971.0,613219.0
290,politico.com,104.0,88.0,6624292.0,2534251.0,2282468.0,2278114.0,2262220.0,2245548.0,2228456.0
291,elsevier.com,26.0,8.0,2745569.0,1518255.0,600554.0,588958.0,555984.0,528024.0,504446.0
292,amazon.de,189.0,152.0,2995330.0,2065891.0,1233326.0,1188372.0,1032660.0,876196.0,711852.0
293,crhoy.com,43.0,34.0,3561683.0,2278929.0,2039435.0,2018413.0,1944889.0,1869707.0,1789511.0
294,dianping.com,57.0,36.0,3834089.0,1938798.0,1549774.0,1524196.0,1438200.0,1346158.0,1248470.0
295,kompasiana.com,66.0,42.0,3750877.0,1456830.0,1370114.0,1365156.0,1346836.0,1327428.0,1305924.0
296,made.in.china.com,92.0,87.0,3496145.0,1974996.0,1258763.0,1234161.0,1152041.0,1069609.0,985891.0
297,target.com,40.0,21.0,9235385.0,3327330.0,2938715.0,2887935.0,2697029.0,2453079.0,2279975.0
298,google.it,20.0,4.0,1611898.0,579362.0,577640.0,577524.0,577012.0,574616.0,567678.0
299,naver.com,81.0,68.0,9088646.0,4842360.0,2143864.0,2122552.0,2045006.0,1959488.0,1847146.0
300,258.com,58.0,3.0,5739021.0,3198179.0,3189419.0,3189357.0,3189157.0,3188957.0,3188721.0
301,hootsuite.com,85.0,64.0,9140118.0,4801221.0,1965212.0,1951256.0,1905890.0,1854288.0,1797502.0
302,tsichuan.com,16.0,16.0,10867163.0,4254228.0,2043110.0,2030104.0,1982434.0,1935026.0,1887354.0
303,github.com,17.0,13.0,3234355.0,1156746.0,1147551.0,1142049.0,1112581.0,1062215.0,1016976.0
304,washingtonpost.com,29.0,27.0,6010748.0,2752533.0,2381172.0,2378829.0,2367770.0,2356442.0,2344636.0
305,nhk.or.jp,48.0,41.0,8195712.0,6185130.0,2498515.0,2412653.0,2096939.0,1754813.0,1391175.0
306,artstation.com,283.0,264.0,18943348.0,13514997.0,6539448.0,6270948.0,5403896.0,4533358.0,3637186.0
307,rediffmailpro.com,4.0,3.0,29690.0,25911.0,25911.0,25911.0,25911.0,25911.0,25911.0
308,mercadolibre.com.ar,33.0,27.0,3891888.0,2388171.0,1165389.0,1136011.0,1033123.0,929945.0,840367.0
309,padlet.com,11.0,9.0,1836830.0,1010722.0,826030.0,824588.0,818496.0,808700.0,803334.0
310,sindonews.com,27.0,16.0,2668884.0,1188043.0,1008335.0,1006173.0,997913.0,986983.0,976317.0
311,google.dz,20.0,4.0,1501920.0,522863.0,521211.0,521095.0,520583.0,518187.0,511249.0
312,gds.it,51.0,25.0,3381462.0,1081754.0,984962.0,979806.0,964128.0,948024.0,929864.0
313,moneyforward.com,47.0,16.0,5799491.0,1984180.0,1649348.0,1646720.0,1637784.0,1627322.0,1615896.0
314,bilibili.com,135.0,135.0,6698251.0,3260226.0,2986204.0,2949330.0,2747076.0,2369326.0,2060786.0
315,google.es,20.0,4.0,1619580.0,583656.0,581934.0,581818.0,581306.0,578887.0,571949.0
316,lotterypost.com,26.0,12.0,2991657.0,1065432.0,1016297.0,1014157.0,1007025.0,999135.0,990071.0
317,intipseleb.com,30.0,24.0,3164115.0,1595336.0,1066198.0,1050936.0,1013232.0,976625.0,935407.0
318,cbs.com,49.0,45.0,6501229.0,4280510.0,3146260.0,3077950.0,2839106.0,2589936.0,2328796.0
319,interia.pl,27.0,24.0,2506133.0,929259.0,811190.0,806488.0,789748.0,772446.0,754152.0
320,hepsiburada.com,74.0,56.0,7469067.0,2680639.0,2425803.0,2415057.0,2376789.0,2313430.0,2246496.0
321,kizlarsoruyor.com,23.0,19.0,3057859.0,1209040.0,1120626.0,1111176.0,1083261.0,1053089.0,1017990.0
322,gotomeeting.com,52.0,30.0,5770671.0,2931537.0,2106602.0,2082332.0,2000236.0,1919176.0,1841670.0
323,yc58.com,13.0,10.0,199806.0,158874.0,46171.0,45361.0,42671.0,39613.0,36091.0
324,state.gov,31.0,24.0,9665945.0,5543933.0,3031460.0,2938568.0,2578420.0,2280442.0,2035020.0
325,skype.com,13.0,10.0,3532953.0,2650267.0,1397236.0,1383089.0,1336139.0,1290983.0,1244555.0
326,remove.bg,59.0,55.0,5036547.0,2869323.0,1767214.0,1736478.0,1639294.0,1538520.0,1439248.0
327,nbcnews.com,95.0,67.0,15374544.0,4549928.0,3947729.0,3930997.0,3881827.0,3825575.0,3772035.0
328,windowsazure.com,28.0,14.0,2374189.0,912590.0,863957.0,856613.0,825639.0,791269.0,763085.0
329,jooble.org,79.0,6.0,5084835.0,1720463.0,1643882.0,1630240.0,1585232.0,1530956.0,1465212.0
330,ask.com,38.0,30.0,6508367.0,4683056.0,1523106.0,1506364.0,1450392.0,1395844.0,1340752.0
331,narcity.com,21.0,18.0,2346528.0,1037879.0,909305.0,908405.0,905513.0,901544.0,884890.0
332,t.mobile.com,74.0,38.0,6004996.0,2043130.0,1822931.0,1819079.0,1805490.0,1796098.0,1788278.0
333,hbomax.com,7.0,5.0,7213276.0,2163459.0,2146736.0,2145614.0,2142776.0,2139852.0,2137314.0
334,bbc.co.uk,55.0,36.0,7081414.0,2755702.0,2385955.0,2380849.0,2362515.0,2343651.0,2321847.0
335,lolesports.com,76.0,74.0,4116198.0,1766931.0,1146913.0,1142065.0,1124679.0,1106035.0,1085779.0
336,shopee.tw,87.0,56.0,13947620.0,8521654.0,2873752.0,2842346.0,2736426.0,2611218.0,2484760.0
337,dw.com,38.0,29.0,4579888.0,1947263.0,1815612.0,1792746.0,1721172.0,1643074.0,1551080.0
338,seesaw.me,23.0,20.0,9493070.0,3725524.0,2276219.0,2270371.0,2251667.0,2231591.0,2211803.0
339,jia400.com,231.0,218.0,10900514.0,8838989.0,2025763.0,1975833.0,1796143.0,1598201.0,1381351.0
340,tahiamasr.com,24.0,22.0,1450387.0,1248022.0,871778.0,835630.0,719220.0,601356.0,469582.0
341,ebay.com,42.0,29.0,2213284.0,1010281.0,753709.0,747139.0,728556.0,687085.0,657771.0
342,sf.express.com,59.0,59.0,3795274.0,3247016.0,2880066.0,2859210.0,2790868.0,2717122.0,2646164.0
343,online.convert.com,16.0,11.0,1684042.0,593134.0,582183.0,582029.0,581471.0,580883.0,580199.0
344,feedly.com,9.0,7.0,8684472.0,3005568.0,2251418.0,2240718.0,2210594.0,2172714.0,2131246.0
345,office365.com,72.0,59.0,5124331.0,2277967.0,1499513.0,1474821.0,1399395.0,1325227.0,1251291.0
346,iliangcang.com,40.0,40.0,1726185.0,1267243.0,639516.0,620344.0,558116.0,492808.0,426290.0
347,addthis.com,12.0,3.0,2043652.0,826093.0,589381.0,588507.0,585503.0,581851.0,578039.0
348,mhtwyat.com,85.0,75.0,3503676.0,1706940.0,1412517.0,1394159.0,1346591.0,1302305.0,1251309.0
349,sakshi.com,90.0,66.0,8093684.0,4359192.0,2153490.0,2125108.0,2033444.0,1926044.0,1827904.0
350,craigslist.org,2.0,1.0,1529895.0,472351.0,453093.0,452959.0,452487.0,452091.0,451825.0
351,telegraph.co.uk,85.0,61.0,9527198.0,4968215.0,2587622.0,2566274.0,2494848.0,2420669.0,2340853.0
352,torob.com,31.0,31.0,5145308.0,3772991.0,1386329.0,1362535.0,1279887.0,1168812.0,1042374.0
353,hh.ru,96.0,52.0,9473264.0,3211021.0,3072755.0,3071091.0,3064701.0,3058014.0,3050670.0
354,umeng.com,64.0,64.0,4300610.0,3131225.0,1070553.0,1050030.0,980238.0,902572.0,828593.0
355,businessinsider.com,106.0,89.0,8933024.0,2550261.0,2517405.0,2515673.0,2507715.0,2500789.0,2493253.0
356,amazon.ca,120.0,1.0,2386554.0,1449090.0,1447096.0,1446996.0,1446736.0,1446460.0,1446214.0
357,whatsapp.com,6.0,2.0,1225261.0,769357.0,308562.0,305174.0,293498.0,282692.0,270910.0
358,dcard.tw,46.0,39.0,5457227.0,1949390.0,1796379.0,1788785.0,1765489.0,1737165.0,1705995.0
359,asus.com,29.0,16.0,5039666.0,1319823.0,1309924.0,1306972.0,1291554.0,1275288.0,1262966.0
360,bankofamerica.com,40.0,18.0,9772203.0,2805582.0,2547380.0,2529197.0,2506157.0,2483350.0,2455655.0
361,wordpress.com,39.0,33.0,2425196.0,1021335.0,917148.0,906386.0,868461.0,827717.0,790005.0
362,vvvdj.com,167.0,153.0,1455727.0,778611.0,548380.0,541790.0,518458.0,493268.0,465734.0
363,pcbaby.com.cn,62.0,42.0,842295.0,736922.0,316556.0,306578.0,269374.0,229658.0,185998.0
364,payu.in,49.0,21.0,3299102.0,1374438.0,1121584.0,1117042.0,1104094.0,1090204.0,1075956.0
365,pdf2go.com,5.0,2.0,1637224.0,572198.0,563622.0,563496.0,563194.0,562890.0,562486.0
366,engadget.com,35.0,35.0,3105096.0,1762329.0,1091868.0,1074264.0,986688.0,902714.0,830630.0
367,mofidonline.com,4.0,4.0,148147.0,147531.0,73435.0,72625.0,69675.0,66551.0,62445.0
368,1688.com,39.0,38.0,1519028.0,835714.0,548946.0,539788.0,505126.0,461876.0,417536.0
369,cebnet.com.cn,49.0,44.0,3775631.0,2843135.0,1079217.0,1049181.0,952211.0,846503.0,736797.0
370,bet9ja.com,52.0,17.0,5455730.0,1821558.0,1652862.0,1650884.0,1644064.0,1635804.0,1626634.0
371,eghtesadonline.com,34.0,30.0,2655650.0,1425322.0,1211523.0,1201571.0,1166117.0,1130185.0,1060617.0
372,bankmellat.ir,60.0,60.0,22235408.0,21596572.0,744137.0,728165.0,674061.0,614497.0,553089.0
373,wpengine.com,35.0,14.0,3502298.0,1294230.0,1290643.0,1290249.0,1289145.0,1287459.0,1286081.0
374,ebay.co.uk,51.0,49.0,2170562.0,1085599.0,682492.0,673932.0,640774.0,584339.0,534764.0
375,jotform.com,11.0,5.0,5598517.0,1579147.0,1577884.0,1577884.0,1577884.0,1577884.0,1577884.0
376,csod.com,17.0,11.0,8161835.0,2379184.0,2342473.0,2340761.0,2331381.0,2316388.0,2306938.0
377,legit.ng,53.0,44.0,3136250.0,1149971.0,1121345.0,1120023.0,1105567.0,1078450.0,1029352.0
378,thepiratebay.org,1.0,1.0,79258.0,39856.0,28680.0,28232.0,26754.0,25172.0,23588.0
379,souq.com,7.0,2.0,2902636.0,1285526.0,1233403.0,1233081.0,1232071.0,1231305.0,1230665.0
380,yenisafak.com,307.0,278.0,9772206.0,5491805.0,3669327.0,3608695.0,3399121.0,3171441.0,2925642.0
381,shopee.vn,98.0,89.0,14388833.0,9266707.0,2824446.0,2775280.0,2611556.0,2433688.0,2257454.0
382,zara.com,7.0,7.0,3946586.0,1182810.0,1170447.0,1166375.0,1153583.0,1141669.0,1130905.0
383,ibicn.com,21.0,21.0,5637705.0,5644946.0,1766132.0,1742898.0,1660742.0,1571870.0,1479936.0
384,pole.emploi.fr,29.0,21.0,2959883.0,2374170.0,1778026.0,1765932.0,1725369.0,1658505.0,1593769.0
385,hespress.com,89.0,52.0,8342598.0,3144634.0,2457719.0,2445259.0,2407095.0,2368791.0,2326691.0
386,cnbeta.com,195.0,181.0,10420167.0,3570448.0,2488532.0,2448206.0,2294371.0,2107442.0,1926683.0
387,ny.gov,19.0,13.0,4632554.0,2753384.0,1437518.0,1427292.0,1397222.0,1366572.0,1334954.0
388,bancodevenezuela.com,75.0,74.0,10248300.0,9492305.0,3003971.0,2891795.0,2502721.0,2106251.0,1690819.0
389,ebay.com.au,72.0,71.0,3962671.0,1393011.0,1118164.0,1114322.0,1100072.0,1078685.0,1059165.0
390,wondershare.com,59.0,20.0,8330247.0,3591250.0,3263135.0,3252067.0,3214885.0,3182445.0,3152483.0
391,rakuten.card.co.jp,109.0,10.0,6655531.0,4798094.0,4793495.0,4793227.0,4792147.0,4790711.0,4789161.0
392,genius.com,39.0,8.0,4452491.0,1863020.0,1211190.0,1209886.0,1205642.0,1200782.0,1195360.0
393,narvar.com,75.0,64.0,7531689.0,3626292.0,2248201.0,2228381.0,2161782.0,2093548.0,2019766.0
394,amazon.cn,204.0,164.0,3111812.0,1865335.0,1186708.0,1163584.0,1084078.0,999183.0,909273.0
395,aliyun.com,108.0,64.0,8194008.0,4024603.0,2369653.0,2331639.0,2206010.0,2084986.0,1967014.0
396,chouftv.ma,36.0,23.0,7331867.0,5873411.0,2002740.0,1936102.0,1699599.0,1472705.0,1251067.0
397,ringcentral.com,74.0,59.0,7100837.0,2132036.0,2071085.0,2059959.0,2021549.0,1967849.0,1927653.0
398,tistory.com,16.0,6.0,1188301.0,936042.0,662185.0,659611.0,650179.0,639565.0,627895.0
399,hbr.org,26.0,21.0,10330801.0,5430464.0,4485746.0,4464814.0,4386914.0,4316472.0,4252432.0
400,kitco.com,137.0,111.0,11189185.0,6585673.0,5147153.0,5113951.0,4999249.0,4885996.0,4756583.0
401,aol.com,92.0,84.0,12105054.0,8424551.0,7752004.0,7702664.0,7536446.0,7374062.0,7199830.0
402,pexels.com,156.0,150.0,4995274.0,3328256.0,2559043.0,2426941.0,2045336.0,1656484.0,1230676.0
403,house365.com,174.0,174.0,12636884.0,11968072.0,3775518.0,3636784.0,3144420.0,2605772.0,1931364.0
404,thesaurus.com,14.0,7.0,4703162.0,1441467.0,1405042.0,1403660.0,1399708.0,1395840.0,1391596.0
405,fandom.com,58.0,53.0,6608788.0,3570789.0,2251919.0,2209964.0,2053211.0,1864508.0,1647980.0
406,inquirer.net,166.0,155.0,12916850.0,6933812.0,3482232.0,3445968.0,3331782.0,3207452.0,3067232.0
407,google.com.au,20.0,3.0,2129963.0,1089048.0,1088914.0,1088916.0,1088850.0,1086980.0,1080476.0
408,3isk.tv,9.0,8.0,1886065.0,595005.0,563490.0,561580.0,555876.0,549170.0,542470.0
409,consultant.ru,22.0,10.0,1052483.0,577574.0,446778.0,443378.0,429208.0,416846.0,406424.0
410,forgeofempires.com,15.0,14.0,378633.0,298658.0,277179.0,267259.0,226975.0,181297.0,133871.0
411,alodokter.com,39.0,27.0,3746903.0,1821680.0,1484561.0,1480649.0,1465819.0,1450949.0,1434799.0
412,google.co.ve,20.0,4.0,1620311.0,583806.0,582061.0,581945.0,581433.0,579037.0,572099.0
413,americanexpress.com,52.0,30.0,5302063.0,2493809.0,1412835.0,1397145.0,1341475.0,1289515.0,1236625.0
414,discuss.com.hk,72.0,54.0,4309125.0,1829898.0,1750806.0,1749642.0,1745034.0,1739704.0,1727728.0
415,about.google,20.0,4.0,1767912.0,625100.0,623658.0,623542.0,623030.0,620881.0,613943.0
416,taobao.com,55.0,53.0,3009050.0,1696128.0,800659.0,775509.0,691517.0,604765.0,522245.0
417,jianshu.com,41.0,16.0,1682427.0,1813811.0,1803802.0,1803714.0,1803038.0,1801838.0,1800462.0
418,mrporter.com,28.0,17.0,8291959.0,2849861.0,2254571.0,2242335.0,2206463.0,2166866.0,2131308.0
419,google.co.jp,20.0,5.0,1505009.0,523463.0,521741.0,521625.0,521113.0,518717.0,511779.0
420,znds.com,12.0,11.0,247787.0,110043.0,97305.0,96881.0,95323.0,93383.0,91277.0
421,noaa.gov,27.0,9.0,3017562.0,2215992.0,554170.0,546566.0,519112.0,490694.0,462870.0
422,youth.cn,29.0,25.0,788507.0,665274.0,494682.0,486014.0,455648.0,423440.0,386482.0
423,arcgis.com,13.0,10.0,7201486.0,2029434.0,1449351.0,1444093.0,1427145.0,1406667.0,1386625.0
424,god.boss.net,9.0,8.0,6199932.0,3804570.0,3753232.0,3743770.0,3709598.0,3672207.0,3642721.0
425,smbc.card.com,158.0,97.0,12362647.0,9533286.0,4916505.0,4875891.0,4751060.0,4630478.0,4510277.0
426,blackboard.com,18.0,15.0,4093306.0,1583442.0,1270941.0,1262851.0,1235447.0,1203265.0,1171797.0
427,olx.ua,36.0,32.0,5466858.0,1811318.0,1785725.0,1784953.0,1782111.0,1778901.0,1764423.0
428,bukalapak.com,85.0,66.0,4421913.0,1838576.0,1432847.0,1421059.0,1382073.0,1360616.0,1324572.0
429,norton.com,85.0,52.0,13245887.0,3614919.0,3254483.0,3248875.0,3232777.0,3219023.0,3206875.0
430,gearbest.com,40.0,30.0,3344790.0,1480826.0,948946.0,944202.0,926914.0,907964.0,887104.0
431,360.cn,147.0,140.0,892310.0,882682.0,447030.0,442406.0,427710.0,411886.0,394520.0
432,coursehero.com,37.0,17.0,10223970.0,2675156.0,2491026.0,2484084.0,2460156.0,2436168.0,2412010.0
433,qualtrics.com,74.0,51.0,12063146.0,3127417.0,2961804.0,2958354.0,2947772.0,2936504.0,2925942.0
434,setn.com,112.0,107.0,8628776.0,5766567.0,3533300.0,3477572.0,3273136.0,3057976.0,2823771.0
435,minecraft.net,41.0,27.0,7732764.0,2501158.0,2274238.0,2257344.0,2204925.0,2151271.0,2093743.0
436,mawdoo3.com,19.0,13.0,3824751.0,1273405.0,965404.0,961640.0,947402.0,934168.0,918788.0
437,kompas.tv,42.0,14.0,4039137.0,1663453.0,1620705.0,1618737.0,1610963.0,1602847.0,1595195.0
438,trendyol.com,31.0,2.0,1368485.0,443111.0,442253.0,442253.0,442253.0,442253.0,442253.0
439,flickr.com,20.0,19.0,20209824.0,13567806.0,6155953.0,5902013.0,4973084.0,3981562.0,2967994.0
440,thestartmagazine.com,32.0,30.0,812622.0,403428.0,355732.0,354200.0,349236.0,343938.0,337762.0
441,ed.gov,18.0,18.0,660195.0,474791.0,366258.0,363988.0,356982.0,349392.0,341606.0
442,asos.com,21.0,21.0,10131580.0,2279079.0,2071993.0,2071993.0,2071993.0,2071993.0,2071993.0
443,ea.com,54.0,37.0,12947909.0,5098842.0,4283001.0,4252657.0,4143049.0,4036103.0,3932399.0
444,oschina.net,41.0,29.0,7632014.0,4264122.0,1745390.0,1714488.0,1599898.0,1465990.0,1330802.0
445,runoob.com,11.0,4.0,706940.0,266286.0,252282.0,252110.0,251490.0,250732.0,249770.0
446,cbc.ca,38.0,20.0,8523735.0,2811350.0,2398007.0,2387529.0,2350665.0,2313521.0,2272555.0
447,yts.mx,21.0,20.0,2046207.0,1004648.0,611372.0,606250.0,581644.0,566636.0,551176.0
448,google.ca,20.0,3.0,1679534.0,695069.0,694912.0,694914.0,694848.0,692978.0,686474.0
449,envato.com,29.0,16.0,661644.0,446730.0,356315.0,348323.0,321605.0,292791.0,259641.0
450,xbox.com,50.0,35.0,13146355.0,5293452.0,3835467.0,3780423.0,3604139.0,3423841.0,3250325.0
451,brainly.com.br,18.0,12.0,2101857.0,643537.0,617409.0,615897.0,611207.0,605963.0,600669.0
452,gongchang.com,82.0,72.0,2039973.0,1756795.0,785311.0,777761.0,740850.0,678902.0,629376.0
453,linkedin.com,11.0,3.0,1165902.0,331286.0,329794.0,329794.0,329794.0,329794.0,329794.0
454,thebase.in,42.0,29.0,14730068.0,9789320.0,3997017.0,3921545.0,3686525.0,3455983.0,3220877.0
455,fedex.com,16.0,8.0,4332339.0,1441447.0,1408871.0,1408845.0,1408769.0,1408695.0,1408625.0
456,taleo.net,29.0,22.0,5100976.0,1881909.0,1833622.0,1832632.0,1829162.0,1825632.0,1821746.0
457,marca.com,96.0,77.0,7926410.0,3128502.0,2672510.0,2650480.0,2566006.0,2482654.0,2404080.0
458,csdn.net,23.0,23.0,1118271.0,853883.0,365938.0,361546.0,346022.0,329958.0,311774.0
459,tripadvisor.com,40.0,31.0,5098297.0,3002437.0,2091986.0,2063880.0,1967354.0,1854546.0,1747328.0
460,sahibinden.com,26.0,16.0,5160074.0,1829797.0,1796817.0,1796563.0,1795205.0,1794095.0,1792675.0
461,google.co.in,20.0,3.0,1618110.0,583356.0,583232.0,583234.0,583168.0,581298.0,574794.0
462,chinamenwang.com,203.0,203.0,4102738.0,3995407.0,1944036.0,1905758.0,1779388.0,1639997.0,1489705.0
463,google.cl,20.0,4.0,1619102.0,583265.0,581613.0,581497.0,580985.0,578589.0,571651.0
464,chinachugui.com,158.0,156.0,4274348.0,4158802.0,2120699.0,2083389.0,1953477.0,1816068.0,1663848.0
465,bitly.com,22.0,7.0,3339684.0,1522172.0,1295893.0,1294995.0,1292377.0,1288538.0,1284618.0
466,wowhead.com,56.0,48.0,9122171.0,2344229.0,2228196.0,2226376.0,2220434.0,2213540.0,2206430.0
467,poste.it,102.0,87.0,2912448.0,1763563.0,877488.0,871370.0,847117.0,818487.0,790187.0
468,espn.com,117.0,104.0,13448191.0,3526169.0,3369473.0,3366423.0,3354959.0,3338960.0,3313954.0
469,sberbank.ru,20.0,18.0,5033758.0,2037430.0,1500060.0,1494794.0,1474300.0,1446452.0,1420202.0
470,w3schools.com,8.0,8.0,2176892.0,1103799.0,834829.0,824620.0,776844.0,733554.0,687970.0
471,google.com.pe,20.0,4.0,1498467.0,520633.0,518911.0,518795.0,518283.0,515887.0,508949.0
472,commonapp.org,26.0,15.0,12774821.0,4049723.0,3572220.0,3548800.0,3488833.0,3434427.0,3348851.0
473,quandashi.com,37.0,37.0,1242099.0,728689.0,329246.0,327382.0,321120.0,313976.0,306228.0
474,zol.com.cn,184.0,173.0,5677990.0,5382938.0,1776593.0,1687019.0,1389051.0,1092133.0,785957.0
475,netflix.com,7.0,6.0,3013901.0,1204372.0,896972.0,894940.0,887864.0,880342.0,838851.0
476,cengage.com,25.0,23.0,2602394.0,1759547.0,1308573.0,1307837.0,1305171.0,1302247.0,1298451.0
477,rt.com,37.0,37.0,5399917.0,2121219.0,1585169.0,1576509.0,1543259.0,1510261.0,1474811.0
478,lever.co,32.0,26.0,4103203.0,1642265.0,1495385.0,1482459.0,1450705.0,1422635.0,1388067.0
479,aajtak.in,100.0,76.0,12742873.0,5270063.0,3501887.0,3485823.0,3432781.0,3376271.0,3314939.0
480,figma.com,35.0,8.0,8842307.0,5248015.0,5245400.0,5245304.0,5244908.0,5243617.0,5230409.0
481,9lianmeng.com,13.0,8.0,5529323.0,4057518.0,1853873.0,1841971.0,1801563.0,1754679.0,1711049.0
482,wixsite.com,48.0,39.0,5543645.0,2184728.0,1732830.0,1731364.0,1725399.0,1716768.0,1704078.0
483,mediafire.com,40.0,6.0,4503941.0,1354374.0,1332797.0,1331665.0,1328397.0,1327603.0,1326659.0
484,championat.com,98.0,94.0,8963972.0,3987676.0,1742638.0,1738624.0,1725638.0,1714600.0,1703166.0
485,rottentomatoes.com,45.0,33.0,5961242.0,2168775.0,1993136.0,1985828.0,1962290.0,1937570.0,1910054.0
486,chase.com,25.0,20.0,2299019.0,1462443.0,973283.0,955425.0,898577.0,839997.0,778051.0
487,ok.ru,69.0,70.0,1915632.0,650072.0,494166.0,492233.0,485193.0,475752.0,464712.0
488,google.co.za,20.0,4.0,1504635.0,523353.0,521631.0,521515.0,521003.0,518607.0,511669.0
489,kuronekoyamato.co.jp,13.0,12.0,3135819.0,1435951.0,708467.0,705057.0,694467.0,682913.0,672109.0
490,shopee.com.my,79.0,64.0,9712885.0,4629760.0,2537769.0,2502281.0,2383359.0,2243017.0,2103133.0
491,chatwork.com,5.0,4.0,2583950.0,862679.0,860934.0,860910.0,860818.0,860714.0,860584.0
492,aa.com.tr,160.0,83.0,39434053.0,37431349.0,9862400.0,9199598.0,7291344.0,5778960.0,4569276.0
493,elbalad.news,26.0,22.0,2808788.0,1156154.0,1012855.0,999699.0,960729.0,923609.0,879619.0
494,google.pt,20.0,4.0,1611858.0,579314.0,577592.0,577476.0,576964.0,574568.0,567630.0
495,livescore.com,92.0,77.0,2993713.0,782105.0,684286.0,680714.0,668096.0,653858.0,637048.0
496,jw.org,40.0,32.0,8294983.0,3494213.0,2471917.0,2435081.0,2324351.0,2212311.0,2095817.0
497,ameli.fr,32.0,28.0,2932703.0,1186927.0,1086945.0,1081645.0,1062823.0,1043043.0,1022053.0
498,nyaa.si,8.0,8.0,682251.0,238754.0,219259.0,218989.0,217891.0,216739.0,215363.0
499,lazada.sg,97.0,94.0,3877670.0,2456236.0,1557116.0,1524566.0,1407026.0,1255392.0,1107824.0
500,google.com.eg,20.0,3.0,1679529.0,693642.0,693485.0,693487.0,693421.0,691551.0,685047.0
501,zoom.us,72.0,61.0,11586845.0,8464112.0,5377651.0,5363683.0,5315967.0,5268903.0,5221527.0
502,yjc.ir,28.0,27.0,2570699.0,1074156.0,947248.0,939724.0,912838.0,887410.0,859468.0
503,fmkorea.com,21.0,21.0,896167.0,330581.0,312377.0,311529.0,308709.0,305545.0,302047.0
504,google.ae,20.0,3.0,1611890.0,580718.0,580522.0,580524.0,580458.0,578588.0,572084.0
505,nytimes.com,59.0,54.0,16508571.0,10946111.0,6166970.0,5921710.0,5198472.0,4565048.0,3947456.0
506,mozilla.org,19.0,7.0,1710232.0,1185061.0,834818.0,825276.0,793008.0,758396.0,725766.0
507,lifo.gr,82.0,80.0,6701123.0,2518477.0,1954101.0,1942095.0,1900705.0,1856257.0,1810901.0
508,jpnn.com,63.0,45.0,3460499.0,1499789.0,1332040.0,1321502.0,1293402.0,1267624.0,1238174.0
509,linktr.ee,30.0,26.0,9020205.0,4553896.0,4454201.0,4453967.0,4440224.0,4421662.0,4406388.0
510,protothema.gr,40.0,31.0,3210673.0,1484113.0,989844.0,977318.0,941022.0,899232.0,858634.0
511,files.wordpress.com,42.0,24.0,2538802.0,1136939.0,1063980.0,1060956.0,1048484.0,1033056.0,1018738.0
512,ameblo.jp,48.0,44.0,2483249.0,1989346.0,907936.0,888778.0,820766.0,752050.0,679104.0
513,corriere.it,46.0,16.0,10139694.0,2297112.0,2222746.0,2222218.0,2218918.0,2216604.0,2213948.0
514,parsfootball.com,47.0,45.0,3794202.0,3135827.0,1940717.0,1886979.0,1702143.0,1505912.0,1282990.0
515,y2mate.guru,5.0,1.0,1255916.0,439615.0,439527.0,439527.0,439527.0,439527.0,439527.0
516,doubleclick.net,15.0,13.0,2030890.0,1103902.0,674738.0,661494.0,611234.0,561398.0,512350.0
517,ensonhaber.com,42.0,33.0,4341607.0,2406177.0,1863253.0,1846677.0,1790855.0,1731165.0,1669823.0
518,daum.net,115.0,40.0,4718713.0,2047624.0,1196272.0,1187676.0,1158064.0,1126256.0,1091692.0
519,nfl.com,99.0,86.0,7505310.0,3619395.0,2047225.0,2039239.0,2009125.0,1973775.0,1920588.0
520,behance.net,30.0,28.0,7256763.0,5038107.0,1246680.0,1234330.0,1193184.0,1149460.0,1104584.0
521,slack.com,69.0,52.0,20341513.0,11154376.0,11005328.0,11003350.0,10996666.0,10988938.0,10979621.0
522,nike.com,36.0,23.0,8313553.0,2613512.0,2106315.0,2105739.0,2103865.0,2101081.0,2098751.0
523,amazon.co.jp,210.0,108.0,2778370.0,1633862.0,1229593.0,1203419.0,1114193.0,1015777.0,908888.0
524,wix.com,49.0,40.0,5115147.0,2243169.0,1587322.0,1585683.0,1579682.0,1570822.0,1558621.0
525,att.com,37.0,9.0,12068790.0,3850154.0,3674798.0,3662142.0,3629506.0,3600962.0,3577938.0
526,foxnews.com,187.0,157.0,22356987.0,11393846.0,6375244.0,6246006.0,5812458.0,5413754.0,5047746.0
527,proiezionidiborsa.it,16.0,14.0,1643722.0,587786.0,564014.0,559014.0,534906.0,511984.0,493674.0
528,rahavard365.com,62.0,46.0,6185164.0,3202592.0,1769378.0,1747104.0,1653311.0,1521685.0,1385387.0
529,dailymotion.com,34.0,34.0,7485688.0,2341163.0,2196028.0,2187274.0,2157150.0,2126098.0,2092500.0
530,tdameritrade.com,109.0,69.0,5600496.0,2547055.0,2148358.0,2141456.0,2117136.0,2093524.0,2068662.0
531,who.int,34.0,28.0,10682229.0,5767716.0,4139960.0,4019376.0,3622806.0,3255474.0,2862080.0
532,alipay.com,7.0,2.0,229867.0,89453.0,89185.0,89185.0,89185.0,89185.0,85047.0
533,tass.ru,62.0,5.0,8156731.0,4771136.0,4628344.0,4623352.0,4607136.0,4589392.0,4572880.0
534,kontan.co.id,79.0,78.0,4798240.0,2155899.0,1536418.0,1526562.0,1491792.0,1457356.0,1422754.0
535,rencaijob.com,118.0,117.0,732454.0,652616.0,367856.0,358326.0,323967.0,278078.0,219641.0
536,wordcounter.net,4.0,4.0,1498511.0,438544.0,433892.0,433838.0,433574.0,433302.0,433030.0
537,ionos.com,106.0,22.0,7864613.0,2692561.0,2601631.0,2593353.0,2564051.0,2534399.0,2502693.0
538,gismeteo.ru,33.0,30.0,5446260.0,1485767.0,1193208.0,1177989.0,1126378.0,1070356.0,1012590.0
539,steamcommunity.com,55.0,42.0,6031809.0,3537004.0,3201244.0,3164198.0,3037326.0,2892730.0,2739688.0
540,turkiye.gov.tr,23.0,17.0,1132632.0,680218.0,537900.0,533932.0,517958.0,501986.0,485078.0
541,bleacherreport.com,43.0,42.0,17172338.0,7818992.0,3665631.0,3644787.0,3587321.0,3538257.0,3491793.0
542,techradar.com,87.0,37.0,6841871.0,2251594.0,2228725.0,2228147.0,2226095.0,2224103.0,2221339.0
543,ca.gov,48.0,27.0,3420588.0,2134068.0,1005993.0,995473.0,960045.0,922982.0,883236.0
544,researchgate.net,10.0,7.0,4304909.0,1169584.0,1095629.0,1089677.0,1068805.0,1049111.0,1030579.0
545,experian.com,86.0,56.0,2116296.0,824144.0,798361.0,797979.0,795441.0,791065.0,788289.0
546,icims.com,31.0,18.0,8610330.0,2981231.0,2630706.0,2625396.0,2602538.0,2577650.0,2552423.0
547,intel.com,25.0,18.0,4806680.0,1805406.0,1311509.0,1303817.0,1278089.0,1252721.0,1225145.0
548,memurlar.net,23.0,22.0,3136496.0,1839474.0,958041.0,943821.0,885395.0,827917.0,768175.0
549,tempo.co,166.0,135.0,15206875.0,4546344.0,4078831.0,4038727.0,3897337.0,3749253.0,3586763.0
550,groupon.com,70.0,57.0,9464238.0,6299174.0,2258388.0,2222940.0,2100352.0,1972604.0,1832589.0
551,gamepedia.com,64.0,55.0,7426210.0,3863889.0,2719031.0,2677486.0,2509968.0,2296422.0,2004333.0
552,aliexpress.com,41.0,36.0,4568884.0,3046793.0,1794863.0,1744081.0,1559162.0,1378968.0,1229080.0
553,meituan.com,15.0,15.0,644666.0,287712.0,268755.0,268123.0,265801.0,263395.0,260515.0
554,chinaweiyu.com,152.0,152.0,3524312.0,3411616.0,1588143.0,1553773.0,1431895.0,1301458.0,1158720.0
555,tagesschau.de,13.0,11.0,3846484.0,1641315.0,1497680.0,1491868.0,1470222.0,1448414.0,1424206.0
556,leagueoflegends.com,42.0,34.0,14039455.0,7071736.0,5046980.0,5016164.0,4921134.0,4819235.0,4690365.0
557,dafont.com,19.0,19.0,77458.0,72846.0,36626.0,36042.0,33798.0,30574.0,25606.0
558,telugu360.com,120.0,87.0,7789816.0,2960456.0,2536361.0,2510295.0,2384512.0,2267840.0,2140344.0
559,google.ru,20.0,4.0,1619484.0,582189.0,580444.0,580328.0,579816.0,577487.0,570553.0
560,vk.com,5.0,6.0,4934589.0,1063954.0,1062441.0,1062441.0,1062441.0,1062441.0,1062441.0
561,ojooo.com,24.0,21.0,5470329.0,2365793.0,1818418.0,1812958.0,1794974.0,1776056.0,1754544.0
562,japanpost.jp,80.0,76.0,9159585.0,7087153.0,3425566.0,3312722.0,2971248.0,2576811.0,2107996.0
563,yahoo.com,23.0,23.0,1939940.0,740955.0,539108.0,537298.0,530544.0,517454.0,499669.0
564,mi.com,28.0,22.0,17681957.0,7631477.0,1153985.0,1139459.0,1093413.0,1055049.0,1022571.0
565,gmw.cn,166.0,164.0,5634775.0,4349753.0,1033350.0,990212.0,850360.0,698364.0,534411.0
566,dell.com,11.0,11.0,3361101.0,803927.0,802134.0,801130.0,792456.0,779627.0,756482.0
567,nih.gov,18.0,18.0,1466933.0,638736.0,564503.0,559070.0,535575.0,503589.0,467203.0
568,fivethirtyeight.com,59.0,58.0,8397426.0,3405644.0,2445673.0,2428923.0,2372777.0,2316861.0,2259731.0
569,office.com,14.0,13.0,4222260.0,3405711.0,3283299.0,3282099.0,3278105.0,3274379.0,3270017.0
570,gsis.gr,29.0,25.0,1386883.0,1000335.0,403385.0,392803.0,358449.0,322045.0,284377.0
571,intuit.com,45.0,28.0,7313799.0,4040255.0,3718470.0,3708379.0,3668811.0,3630781.0,3517436.0
572,voot.com,24.0,14.0,6088874.0,1733969.0,1729379.0,1729377.0,1729337.0,1729293.0,1729255.0
573,slideshare.net,16.0,12.0,1244487.0,513647.0,495094.0,491706.0,480576.0,474658.0,464623.0
574,pixlr.com,106.0,88.0,1804730.0,1661630.0,1017126.0,997920.0,884450.0,676761.0,541695.0
575,mmload.com,24.0,23.0,7203615.0,6253886.0,1340978.0,1307882.0,1197064.0,1085786.0,971969.0
576,prothomalo.com,35.0,8.0,5533470.0,2193523.0,2150887.0,2150473.0,2149019.0,2146799.0,2144627.0
577,wikimedia.org,16.0,16.0,216791.0,239921.0,120845.0,118499.0,110719.0,101979.0,92339.0
578,alwafd.news,66.0,61.0,6846864.0,3091937.0,2499618.0,2434108.0,2283358.0,2148698.0,1981492.0
579,mydramalist.com,39.0,35.0,4525180.0,2011659.0,1793413.0,1777733.0,1723249.0,1671353.0,1618053.0
580,amazon.in,197.0,128.0,2917201.0,1943585.0,1360013.0,1322897.0,1197567.0,1065493.0,920668.0
581,sportbible.com,93.0,82.0,9769670.0,3882975.0,3182355.0,3155262.0,3055964.0,2936633.0,2809198.0
582,yna.co.kr,143.0,126.0,14327770.0,9177708.0,4016761.0,3892919.0,3485508.0,3060448.0,2599400.0
583,360.com,231.0,226.0,9306077.0,9417951.0,2304910.0,2248744.0,2064391.0,1869533.0,1673902.0
584,baidu.com,40.0,35.0,2063033.0,1289756.0,1071079.0,1037313.0,919265.0,799043.0,675351.0
585,haofang.net,47.0,45.0,1603878.0,1411761.0,306216.0,292694.0,249422.0,207264.0,163842.0
586,uchi.ru,101.0,69.0,14139068.0,7280353.0,3773453.0,3716796.0,3498408.0,3216596.0,2970052.0
587,11st.co.kr,39.0,31.0,5524036.0,3456706.0,3234323.0,3220241.0,3161803.0,3105499.0,3055661.0
588,yodobashi.com,23.0,20.0,1978599.0,1285456.0,489651.0,483869.0,462613.0,438561.0,411267.0
589,apartments.com,103.0,86.0,3793683.0,2523717.0,1945711.0,1942209.0,1930031.0,1917915.0,1904209.0
590,cbssports.com,90.0,38.0,15861971.0,9899884.0,9702895.0,9698373.0,9682385.0,9665457.0,9647195.0
591,bing.com,20.0,7.0,3363734.0,609203.0,468113.0,464285.0,447633.0,432083.0,417001.0
592,qq.com,70.0,67.0,2570104.0,1659952.0,864830.0,858484.0,814219.0,750148.0,680483.0
593,redfin.com,22.0,12.0,11727314.0,3479373.0,3136542.0,3121718.0,3075284.0,3029190.0,2979922.0
594,nordstrom.com,269.0,269.0,11191105.0,6392664.0,5336349.0,5195596.0,4702162.0,4192758.0,3640693.0
595,namasha.com,24.0,16.0,3952725.0,2861398.0,1247642.0,1233148.0,1174698.0,1119062.0,1053948.0
596,google.com.tr,20.0,4.0,1685275.0,697364.0,697207.0,697209.0,697143.0,695273.0,688769.0
597,ted.com,16.0,14.0,4819834.0,1699113.0,1510734.0,1504948.0,1486442.0,1471524.0,1436959.0
598,znanija.com,19.0,14.0,2225979.0,677669.0,664879.0,664401.0,662803.0,661171.0,659431.0
599,itmedia.co.jp,70.0,34.0,3769311.0,1548211.0,1324974.0,1322464.0,1312756.0,1302634.0,1291868.0
600,zougla.gr,220.0,206.0,12078796.0,7576717.0,4862238.0,4723328.0,4236955.0,3738532.0,3202821.0
601,cisco.com,94.0,86.0,9702917.0,3480064.0,2885226.0,2858561.0,2774755.0,2682079.0,2585789.0
602,ziprecruiter.com,33.0,27.0,2125578.0,1392958.0,778413.0,753773.0,671721.0,595787.0,526569.0
603,google.pl,20.0,3.0,2015301.0,1030093.0,1029936.0,1029938.0,1029872.0,1028002.0,1021498.0
604,vidio.com,63.0,47.0,5469342.0,2501811.0,2275296.0,2265282.0,2207914.0,2090380.0,1979613.0
605,biobiochile.cl,78.0,71.0,8911362.0,5447613.0,2170010.0,2146340.0,2065868.0,1987498.0,1904002.0
606,android.com,29.0,29.0,935313.0,507529.0,505697.0,504386.0,486335.0,449263.0,393105.0
607,orange.fr,41.0,35.0,4689971.0,1638453.0,1599768.0,1594491.0,1576297.0,1553173.0,1526037.0
608,tandfonline.com,24.0,20.0,4062168.0,1519197.0,1277810.0,1275718.0,1270454.0,1264532.0,1259272.0
609,google.com.mx,20.0,3.0,1611868.0,579338.0,579214.0,579216.0,579150.0,577280.0,570776.0
610,google.co.il,20.0,4.0,1499308.0,520944.0,519199.0,519083.0,518571.0,516175.0,509237.0
611,gyazo.com,31.0,19.0,6641487.0,2453741.0,2369110.0,2368044.0,2364976.0,2361808.0,2358512.0
612,free.fr,8.0,3.0,1072151.0,405964.0,405964.0,405964.0,405964.0,405964.0,405964.0
613,beytoote.com,205.0,76.0,1862924.0,944602.0,851678.0,846986.0,831574.0,815228.0,796718.0
614,rakuten.co.jp,357.0,354.0,9573192.0,6239012.0,2233231.0,2190849.0,2037624.0,1868768.0,1678576.0
615,kumparan.com,90.0,23.0,7238787.0,2573067.0,2537638.0,2537536.0,2537096.0,2536628.0,2535888.0
616,socialblade.com,162.0,145.0,4376286.0,2075698.0,1767435.0,1765909.0,1759957.0,1753483.0,1746813.0
617,icicibank.com,276.0,122.0,11677500.0,4404917.0,3184086.0,3161619.0,3081427.0,2996437.0,2912839.0
618,edx.org,93.0,75.0,8526499.0,3039155.0,2351062.0,2333575.0,2271945.0,2203698.0,2130803.0
619,zippyshare.com,20.0,20.0,1502724.0,1518382.0,1502297.0,1501975.0,1500713.0,1499555.0,1498105.0
620,chinadd.cn,135.0,133.0,3936004.0,3826249.0,2008012.0,1964960.0,1817202.0,1664395.0,1510970.0
621,investopedia.com,28.0,20.0,3504576.0,1188977.0,1149043.0,1145169.0,1127775.0,1106651.0,1089817.0
622,sabah.com.tr,63.0,60.0,3502617.0,1771347.0,1299782.0,1288286.0,1244803.0,1199079.0,1149513.0
623,mfisp.com,55.0,54.0,3698933.0,2062516.0,1460455.0,1434605.0,1343391.0,1246847.0,1133802.0
624,yektanet.com,28.0,27.0,2690439.0,1014328.0,934177.0,931097.0,917187.0,896755.0,875271.0
625,segmentfault.com,34.0,30.0,3373601.0,3081764.0,2952570.0,2949436.0,2935276.0,2914136.0,2895152.0
626,ebay.kleinanzeigen.de,32.0,32.0,3317084.0,1377981.0,843844.0,842864.0,840620.0,837978.0,834414.0
627,ndtv.com,78.0,49.0,9193468.0,2720665.0,2632061.0,2626869.0,2607338.0,2588297.0,2566603.0
628,gmx.net,52.0,52.0,2489459.0,1114468.0,658010.0,653743.0,637017.0,610016.0,579170.0
629,tesla.com,9.0,9.0,6448231.0,4230151.0,1663112.0,1607434.0,1448716.0,1325218.0,1217706.0
630,detik.com,63.0,54.0,4167148.0,1996300.0,1659493.0,1652895.0,1631585.0,1607843.0,1583067.0
631,jjwxc.net,22.0,20.0,806915.0,538890.0,313362.0,309754.0,297310.0,284242.0,269508.0
632,taboola.com,40.0,16.0,3379015.0,1477988.0,1447386.0,1444972.0,1436396.0,1427658.0,1420182.0
633,sciencedirect.com,8.0,4.0,1981729.0,799220.0,648589.0,645627.0,635079.0,625869.0,618209.0
634,tiktok.com,12.0,5.0,5678112.0,2338632.0,2192670.0,2186656.0,2166254.0,2144808.0,2123834.0
635,quizizz.com,36.0,36.0,8495993.0,3270963.0,2697208.0,2677154.0,2612450.0,2543588.0,2476404.0
636,bloomberg.com,134.0,107.0,22949693.0,17154865.0,4940152.0,4812744.0,4399313.0,4015599.0,3627011.0
637,ck12.org,22.0,17.0,4696090.0,1850189.0,1722365.0,1715191.0,1691027.0,1665481.0,1637495.0
638,freee.co.jp,113.0,83.0,11974470.0,8155155.0,4631487.0,4470219.0,3945735.0,3540667.0,3168543.0
639,uspto.gov,8.0,7.0,4209911.0,2034892.0,1432775.0,1421861.0,1382643.0,1346157.0,1308577.0
640,hotstar.com,4.0,1.0,3491405.0,722424.0,722034.0,722034.0,722034.0,722034.0,722034.0
641,iplt20.com,113.0,102.0,16827538.0,14795682.0,5175696.0,5025458.0,4476219.0,3869771.0,3298045.0
642,edh.tw,76.0,73.0,8249966.0,4328509.0,2142680.0,2139896.0,2130304.0,2119710.0,2108692.0
643,outbrain.com,40.0,28.0,7568423.0,4011496.0,2047572.0,2023020.0,1934068.0,1852446.0,1768482.0
644,shafaqna.com,8.0,4.0,726775.0,355205.0,352089.0,352087.0,352059.0,352047.0,352017.0
645,iherb.com,53.0,53.0,9696651.0,3329086.0,2780006.0,2780006.0,2780006.0,2780006.0,2780006.0
646,cnet.com,9.0,6.0,6956648.0,1967571.0,1927310.0,1927208.0,1926700.0,1925996.0,1925457.0
647,realestate.com.au,107.0,105.0,4925616.0,1785112.0,1532376.0,1530580.0,1520644.0,1507762.0,1496888.0
648,steampowered.com,110.0,105.0,9613013.0,8419561.0,5412026.0,5350138.0,5134536.0,4916354.0,3391031.0
649,haosou.com,37.0,23.0,704536.0,431776.0,344800.0,338458.0,318084.0,306084.0,289426.0
650,news.com.au,171.0,142.0,8358600.0,3827609.0,2954068.0,2896888.0,2706622.0,2519152.0,2322008.0
651,meetup.com,26.0,15.0,3847855.0,1267768.0,1255165.0,1254427.0,1250729.0,1240746.0,1233420.0
652,gome.com.cn,23.0,23.0,1549330.0,765679.0,658882.0,654982.0,641080.0,626700.0,611128.0
653,wikihow.com,51.0,26.0,1884661.0,739892.0,705414.0,695590.0,660918.0,624390.0,595896.0
654,t.online.de,67.0,52.0,6588195.0,2424249.0,2276230.0,2271093.0,2248779.0,2220775.0,2186772.0
655,ninisite.com,37.0,35.0,3715681.0,2635096.0,1241115.0,1227931.0,1174371.0,1112226.0,1033742.0
656,mit.edu,9.0,7.0,3110820.0,2194361.0,1133298.0,1121102.0,1078938.0,1038320.0,994840.0
657,buzzfeed.com,51.0,48.0,5751275.0,2602066.0,1776545.0,1754463.0,1676663.0,1584909.0,1489339.0
658,primevideo.com,21.0,5.0,3712746.0,1284332.0,1212763.0,1204781.0,1182101.0,1158163.0,1130373.0
659,in.gr,26.0,22.0,3819384.0,2093522.0,1542621.0,1532735.0,1499487.0,1467021.0,1345433.0
660,begunprescription.com,4.0,1.0,331214.0,145863.0,145863.0,145863.0,145863.0,145863.0,145863.0
661,hotmart.com,5.0,5.0,570039.0,362479.0,87256.0,84238.0,74016.0,64722.0,55730.0
662,suara.com,43.0,15.0,2552667.0,1030357.0,870072.0,865418.0,849098.0,833184.0,815650.0
663,ems.com.cn,31.0,24.0,6838495.0,5797614.0,3916887.0,3862091.0,3674203.0,3478301.0,3272053.0
664,adp.com,60.0,26.0,7628774.0,2521000.0,2294952.0,2284838.0,2252592.0,2216460.0,2179302.0
665,spotify.com,42.0,42.0,3963899.0,1238182.0,1229864.0,1229864.0,1229864.0,1229864.0,1229864.0
666,nicovideo.jp,55.0,46.0,5233370.0,2302349.0,1925175.0,1918367.0,1892581.0,1863881.0,1831649.0
667,stocktwits.com,31.0,31.0,11749455.0,4426146.0,3518156.0,3514202.0,3497230.0,3476840.0,3455466.0
668,themeforest.net,40.0,17.0,2812355.0,886447.0,883801.0,883013.0,875647.0,864373.0,853575.0
669,python.org,3.0,3.0,1211808.0,508941.0,493830.0,493678.0,493118.0,492482.0,491712.0
670,godaddy.com,16.0,12.0,5356127.0,1098146.0,941689.0,932313.0,899923.0,868091.0,838539.0
671,quizlet.com,21.0,11.0,6969935.0,2156562.0,2147242.0,2147124.0,2132033.0,2089979.0,2053215.0
672,kijiji.ca,10.0,5.0,4280527.0,1346147.0,1344736.0,1344736.0,1344736.0,1344736.0,1344736.0
673,kaskus.co.id,89.0,60.0,9828403.0,3340339.0,3165266.0,3144235.0,3051706.0,2942442.0,2829258.0
674,rarbg.to,11.0,11.0,333225.0,227654.0,155456.0,150184.0,133003.0,116241.0,99075.0
675,merriam.webster.com,33.0,12.0,5972631.0,1973449.0,1959813.0,1958997.0,1956477.0,1952130.0,1946952.0
676,get.express.vpn.online,32.0,2.0,2044712.0,761777.0,760956.0,760956.0,760956.0,760956.0,760956.0
677,vtv.vn,85.0,83.0,11160294.0,7997642.0,5289780.0,5160624.0,4549328.0,3922936.0,3520943.0
678,mailchimp.com,76.0,56.0,9421705.0,3403824.0,3172546.0,3151076.0,3065318.0,2980234.0,2899810.0
679,tmall.com,11.0,10.0,846569.0,275945.0,270280.0,270158.0,269624.0,268866.0,268310.0
680,aastocks.com,37.0,37.0,2585761.0,809831.0,793848.0,793556.0,792670.0,791692.0,790556.0
681,eksisozluk.com,22.0,13.0,4150894.0,1446692.0,1339382.0,1336888.0,1328674.0,1320044.0,1310786.0
682,tejaratnews.com,22.0,8.0,1736668.0,1164017.0,1053366.0,1042828.0,1010480.0,976220.0,923899.0
683,codepen.io,39.0,22.0,3121381.0,1619441.0,1098519.0,1087399.0,1049705.0,1003487.0,953349.0
684,mehrnews.com,60.0,56.0,2998185.0,1763201.0,1367720.0,1348940.0,1284888.0,1207145.0,1119675.0
685,aliexpress.ru,78.0,7.0,22908712.0,21050344.0,19738873.0,19730919.0,19699533.0,19669531.0,19641075.0
686,ettoday.net,66.0,58.0,5744110.0,2361830.0,1553171.0,1546421.0,1524313.0,1500883.0,1474693.0
687,strava.com,58.0,45.0,5778438.0,4274334.0,1767228.0,1690836.0,1422904.0,1204787.0,1015717.0
688,xiami.com,91.0,89.0,4311403.0,2858255.0,1852313.0,1818485.0,1717853.0,1618462.0,1520132.0
689,reclameaqui.com.br,58.0,45.0,10612439.0,4688572.0,2141004.0,2128298.0,2082437.0,2039481.0,1998671.0
690,bongacams.com,116.0,105.0,5746736.0,2551956.0,2508585.0,2501289.0,2466928.0,2357749.0,2079625.0
691,emojipedia.org,6.0,3.0,2110118.0,704307.0,626196.0,625392.0,622914.0,620336.0,617912.0
692,yijiadh.com,12.0,7.0,2211102.0,802995.0,790511.0,790313.0,789641.0,789065.0,788391.0
693,amazon.com,190.0,120.0,3059772.0,1853667.0,1364299.0,1327051.0,1201929.0,1071783.0,928052.0
694,spanishdict.com,27.0,8.0,3818768.0,1207213.0,1204380.0,1204190.0,1202902.0,1199906.0,1198270.0
695,google.com.br,20.0,4.0,1505046.0,523581.0,521859.0,521743.0,521231.0,518763.0,511825.0
696,seznam.cz,130.0,110.0,7712261.0,2563853.0,1975577.0,1959435.0,1877303.0,1721097.0,1554470.0
697,haberler.com,55.0,38.0,6475826.0,2412162.0,2069254.0,2053326.0,1998968.0,1941886.0,1879980.0
698,yahoo.co.jp,31.0,32.0,2804260.0,915935.0,829899.0,828441.0,823647.0,818283.0,811851.0
699,scribd.com,44.0,30.0,5676965.0,1762221.0,1665265.0,1661045.0,1644137.0,1621974.0,1600798.0
700,boc.cn,67.0,66.0,877278.0,807375.0,513276.0,503298.0,470752.0,435440.0,397320.0
701,booking.com,32.0,31.0,4874828.0,1635221.0,1443243.0,1442769.0,1439431.0,1436281.0,1432707.0
702,lowes.com,66.0,49.0,9313050.0,2931043.0,2689698.0,2657613.0,2555597.0,2437067.0,2310327.0
703,smallpdf.com,23.0,4.0,2615922.0,867824.0,840582.0,840032.0,838560.0,836712.0,834882.0
704,shopify.com,32.0,31.0,3050313.0,1325316.0,1251184.0,1250128.0,1245226.0,1213589.0,1176901.0
705,onet.pl,21.0,12.0,3404709.0,1221737.0,1178916.0,1170732.0,1143726.0,1127788.0,1103480.0
706,sozcu.com.tr,112.0,90.0,6668743.0,4337366.0,2451916.0,2370088.0,2099872.0,1829351.0,1539321.0
707,weather.com,26.0,11.0,6423246.0,1784086.0,1772126.0,1770818.0,1765818.0,1761196.0,1756310.0
708,mama.cn,67.0,36.0,2004284.0,1541228.0,688822.0,670166.0,611972.0,549384.0,487166.0
709,mercari.com,127.0,105.0,9805151.0,3651931.0,3266702.0,3251924.0,3201320.0,3136227.0,3078361.0
710,ebay.it,49.0,49.0,1975282.0,1065305.0,786288.0,778230.0,738334.0,641400.0,558022.0
711,nalog.ru,53.0,45.0,6081079.0,4331392.0,2769316.0,2753732.0,2701046.0,2646060.0,2590498.0
712,wildberries.ru,44.0,42.0,5146314.0,2526898.0,974273.0,948575.0,857135.0,760947.0,658267.0
713,librus.pl,20.0,17.0,1887752.0,1532502.0,1227181.0,1223213.0,1206907.0,1191575.0,1175049.0
714,google.gr,20.0,3.0,2005748.0,1026013.0,1025879.0,1025881.0,1025815.0,1023945.0,1017441.0
715,turbo.az,196.0,85.0,6096687.0,3610784.0,2780224.0,2738017.0,2586482.0,2430362.0,2256230.0
716,v2ex.com,67.0,60.0,3174141.0,918600.0,802941.0,801895.0,798197.0,794307.0,789775.0
717,cint.com,22.0,21.0,7296182.0,1500084.0,1437998.0,1433632.0,1417540.0,1402325.0,1384767.0
718,scotiabank.com,28.0,19.0,5876430.0,1411296.0,1398285.0,1398285.0,1398285.0,1398285.0,1398285.0
719,ebc.net.tw,110.0,82.0,30510806.0,25739167.0,5159600.0,5010826.0,4519504.0,4010116.0,3479666.0
720,shimo.im,23.0,23.0,4171860.0,2470193.0,1742463.0,1717943.0,1631693.0,1514329.0,1399541.0
721,wowkeren.com,48.0,40.0,5958074.0,2821519.0,1836006.0,1825214.0,1790378.0,1750262.0,1697546.0
722,ouedkniss.com,57.0,37.0,7648074.0,3654244.0,2762469.0,2746077.0,2692116.0,2635563.0,2572978.0
723,babytree.com,27.0,26.0,3660754.0,3277885.0,556175.0,541429.0,490183.0,439907.0,389217.0
724,zcool.com.cn,17.0,12.0,1693535.0,921569.0,621622.0,617442.0,603166.0,587938.0,570314.0
725,yy.com,23.0,22.0,1441096.0,1244063.0,258583.0,252153.0,227381.0,206243.0,184603.0
726,webmd.com,151.0,124.0,7510540.0,2559254.0,2218457.0,2195967.0,2117007.0,2039725.0,1962373.0
727,rediff.com,51.0,29.0,2048457.0,882965.0,802291.0,797723.0,780829.0,759146.0,718148.0
728,google.com.ar,20.0,3.0,1679523.0,695032.0,694875.0,694877.0,694811.0,692941.0,686437.0
729,citi.com,81.0,34.0,11530898.0,3371157.0,3183449.0,3180945.0,3172685.0,3163841.0,3154249.0
730,service.now.com,63.0,37.0,11264579.0,3159883.0,2768153.0,2750241.0,2687527.0,2625724.0,2565466.0
731,aizhan.com,9.0,9.0,319301.0,305479.0,264368.0,263818.0,261611.0,257769.0,252939.0
732,juntadeandalucia.es,13.0,13.0,3750349.0,3227854.0,3043258.0,3037792.0,3019330.0,3001780.0,2986282.0
733,eventbrite.com,34.0,35.0,5907868.0,1960794.0,1657843.0,1650143.0,1624611.0,1598441.0,1571399.0
734,sohu.com,465.0,375.0,22783006.0,7714292.0,5454779.0,5369427.0,5088173.0,4805161.0,4512847.0
735,glassdoor.com,29.0,22.0,8431466.0,2793595.0,2461568.0,2459060.0,2450270.0,2438573.0,2426339.0
736,bluejeans.com,35.0,34.0,5641060.0,2749993.0,2498015.0,2493927.0,2477531.0,2459777.0,2441504.0
737,codecademy.com,31.0,28.0,8155419.0,3696996.0,2770615.0,2769423.0,2764903.0,2761013.0,2757155.0
738,line.me,103.0,103.0,6255627.0,4630775.0,1033007.0,1016689.0,959303.0,902673.0,843739.0
739,zoho.com,11.0,11.0,2357694.0,1200324.0,953453.0,948771.0,931123.0,916251.0,901259.0
740,mercadolivre.com.br,40.0,34.0,3374894.0,2220392.0,1172572.0,1138524.0,1025218.0,892130.0,784418.0
741,academia.edu,27.0,14.0,5937650.0,2822088.0,1611461.0,1602721.0,1571123.0,1532957.0,1493133.0
742,hm.com,2.0,1.0,1091490.0,416972.0,416191.0,416101.0,415719.0,415321.0,414873.0
743,shutterstock.com,2.0,1.0,2255491.0,606376.0,606376.0,606376.0,606376.0,606376.0,606376.0
744,instructure.com,31.0,17.0,6137243.0,1920737.0,1782073.0,1756003.0,1691879.0,1660253.0,1625349.0
745,nur.kz,61.0,48.0,3191779.0,1291151.0,1081115.0,1075301.0,1050407.0,1016821.0,986025.0
746,justdial.com,70.0,39.0,1852495.0,712112.0,608764.0,603310.0,584228.0,564866.0,544616.0
747,gmarket.co.kr,46.0,38.0,9341771.0,5571566.0,4742213.0,4730955.0,4689305.0,4642849.0,4594721.0
748,microsoft.com,51.0,13.0,2056544.0,761768.0,674747.0,669031.0,650523.0,631695.0,612083.0
749,hamariweb.com,49.0,45.0,5514623.0,3640756.0,2048323.0,2022207.0,1936807.0,1828448.0,1706624.0
750,storm.mg,171.0,158.0,13809856.0,11060247.0,6115660.0,5987302.0,5561460.0,5137040.0,4682114.0
751,google.com.my,20.0,4.0,1498405.0,520608.0,518886.0,518770.0,518258.0,515839.0,508901.0
752,chron.com,106.0,84.0,14128882.0,5451772.0,4099195.0,4063542.0,3947323.0,3815208.0,3666185.0
753,goodreads.com,46.0,33.0,4295965.0,1480450.0,1156717.0,1150803.0,1130559.0,1108477.0,1086259.0
754,milliyet.com.tr,69.0,37.0,9021775.0,3668776.0,3632657.0,3622729.0,3577883.0,3528285.0,3489137.0
755,pikiran.rakyat.com,21.0,9.0,2148253.0,895256.0,822874.0,822090.0,819260.0,816018.0,812314.0
756,smm.cn,146.0,145.0,13921100.0,11225718.0,3405736.0,3301488.0,2938708.0,2548584.0,2122744.0
757,youm7.com,182.0,169.0,6898625.0,3169790.0,2194428.0,2161134.0,2048042.0,1928134.0,1789448.0
758,patreon.com,21.0,16.0,8726440.0,5659352.0,3575396.0,3562892.0,3521548.0,3481394.0,3437760.0
759,evernote.com,34.0,14.0,3657452.0,3038957.0,1415311.0,1397091.0,1331449.0,1257119.0,1172717.0
760,airbnb.com,13.0,12.0,8582029.0,2688417.0,2586403.0,2551682.0,2435610.0,2314168.0,2183422.0
761,motorsport.com,49.0,37.0,6868733.0,4032203.0,2159333.0,2126525.0,1964059.0,1761141.0,1596425.0
762,banesconline.com,18.0,15.0,2117841.0,940602.0,785377.0,778753.0,755032.0,729428.0,703866.0
763,gamer.com.tw,133.0,111.0,8162809.0,3079933.0,1632699.0,1598511.0,1492767.0,1377743.0,1249825.0
764,syf.com,51.0,21.0,5294406.0,2198524.0,1909714.0,1902120.0,1872364.0,1849278.0,1826122.0
765,google.cn,1.0,1.0,29141.0,25383.0,11781.0,11383.0,9905.0,8243.0,6453.0
766,huim.com,21.0,21.0,717338.0,348394.0,227128.0,225076.0,217302.0,207012.0,195706.0
767,eastday.com,53.0,52.0,1589256.0,1487029.0,1004228.0,976238.0,877275.0,773003.0,660280.0
768,commbank.com.au,32.0,14.0,4176559.0,1426130.0,1071129.0,1060149.0,1020089.0,977309.0,934841.0
769,uol.com.br,46.0,31.0,4976564.0,1619888.0,1509775.0,1500155.0,1457703.0,1405781.0,1365871.0
770,google.fr,20.0,4.0,1617590.0,582682.0,581030.0,580914.0,580402.0,578006.0,571068.0
771,cambridge.org,34.0,24.0,7803723.0,4307057.0,3323815.0,3291271.0,3190561.0,3080999.0,2977049.0
772,kooora.com,130.0,83.0,9674452.0,3128940.0,2801502.0,2787675.0,2739686.0,2688180.0,2629031.0
773,namnak.com,50.0,50.0,621876.0,556922.0,427871.0,419279.0,389271.0,352830.0,296079.0
774,jamnews.com,1.0,1.0,296085.0,132350.0,124910.0,124596.0,123862.0,123154.0,122172.0
775,ebay.de,35.0,35.0,1336119.0,708863.0,508501.0,501259.0,471791.0,419918.0,376298.0
776,discordapp.com,10.0,1.0,12246986.0,3397152.0,3396627.0,3396595.0,3396581.0,3396553.0,3396517.0
777,loom.com,29.0,13.0,6366796.0,3350218.0,3255914.0,3247328.0,3204979.0,3155379.0,3106845.0
778,wordreference.com,1.0,1.0,141431.0,322056.0,306859.0,306587.0,305743.0,304779.0,303489.0
779,dstv.com,42.0,34.0,7836056.0,3727976.0,3168891.0,3150433.0,3087239.0,3023108.0,2957898.0
780,apkpure.com,77.0,75.0,1483337.0,708928.0,463333.0,459615.0,442955.0,407598.0,389888.0
781,yandex.ru,61.0,47.0,7043875.0,2247932.0,2032081.0,2021986.0,1986555.0,1943019.0,1895534.0
782,airtel.in,47.0,11.0,881675.0,502374.0,425109.0,418267.0,396026.0,369450.0,343482.0
783,drom.ru,26.0,17.0,3685800.0,2015749.0,1582422.0,1540714.0,1398410.0,1251090.0,1086798.0
784,europa.eu,2.0,1.0,1089502.0,234793.0,234761.0,234761.0,234761.0,234761.0,234761.0
785,marketwatch.com,58.0,58.0,9479057.0,3883833.0,3195649.0,3190321.0,3153130.0,3107162.0,3054802.0
786,dhl.com,23.0,2.0,4059790.0,1329314.0,1316101.0,1315165.0,1311623.0,1308045.0,1304061.0
787,gusuwang.com,17.0,4.0,347957.0,135284.0,129749.0,129721.0,129633.0,129537.0,129437.0
788,prezi.com,73.0,38.0,7559108.0,5170995.0,3467584.0,3432974.0,3294570.0,3088946.0,2959912.0
789,xero.com,29.0,22.0,3378928.0,1366950.0,1355084.0,1344686.0,1306259.0,1255464.0,1197846.0
790,gosuslugi.ru,54.0,2.0,4988679.0,1877714.0,1876458.0,1876082.0,1874906.0,1873364.0,1871904.0
791,oraclecloud.com,25.0,13.0,5588940.0,2029679.0,1956140.0,1952450.0,1939562.0,1926286.0,1912546.0
792,divar.ir,6.0,6.0,3754822.0,1047758.0,1033663.0,1033573.0,1032966.0,1032178.0,1031446.0
793,eatthis.com,37.0,31.0,4087303.0,2494153.0,1142940.0,1132872.0,1084576.0,1039792.0,991284.0
794,google.com.co,20.0,4.0,1510002.0,526469.0,524817.0,524701.0,524189.0,521793.0,514855.0
795,ikea.com,7.0,1.0,1970236.0,1006382.0,1006382.0,1006382.0,1000831.0,992907.0,983467.0
796,sbrf.ru,9.0,7.0,4271412.0,1506632.0,1493701.0,1493309.0,1490177.0,1484135.0,1480131.0
797,cnblogs.com,53.0,26.0,1645702.0,649204.0,530977.0,529693.0,525123.0,520255.0,514641.0
798,gmanetwork.com,30.0,23.0,5382475.0,2354708.0,2220021.0,2216661.0,2202331.0,2189737.0,2176361.0
799,sephora.com,173.0,124.0,17558862.0,5556797.0,5079866.0,5076694.0,5067006.0,5055954.0,5043150.0
800,yourdictionary.com,5.0,3.0,2532898.0,782620.0,781934.0,781934.0,781934.0,781934.0,781934.0
801,ilovepdf.com,13.0,3.0,888558.0,455131.0,358831.0,356269.0,347205.0,336819.0,325251.0
802,cloudflare.com,8.0,5.0,4365831.0,1443373.0,1051142.0,1051142.0,1051142.0,1051142.0,1051142.0
803,adblockplus.org,26.0,12.0,1412018.0,1183086.0,1135070.0,1134574.0,1133132.0,1131408.0,1129340.0
804,rednet.cn,149.0,146.0,9166926.0,9004712.0,1501271.0,1441548.0,1233541.0,1005945.0,759487.0
805,blogfa.com,2.0,2.0,69531.0,65345.0,55099.0,55027.0,54671.0,54435.0,54109.0
806,123rf.com,51.0,45.0,2782003.0,1318594.0,1076196.0,1052154.0,968270.0,883682.0,799642.0
807,etsy.com,34.0,30.0,2579510.0,958768.0,842602.0,824838.0,795172.0,762262.0,728058.0
808,riotgames.com,29.0,28.0,8009942.0,5813194.0,1771854.0,1753260.0,1692144.0,1629710.0,1568982.0
809,cbsnews.com,36.0,28.0,7165537.0,3921761.0,1885635.0,1858517.0,1773359.0,1689593.0,1598055.0
810,rezka.ag,96.0,79.0,11425417.0,7115264.0,5973220.0,5942874.0,5845606.0,5136166.0,3619692.0
811,auth0.com,96.0,74.0,9048577.0,4781911.0,4151475.0,4146671.0,4123659.0,4098548.0,4073839.0
812,mathxl.com,16.0,12.0,2569511.0,1030560.0,903300.0,899848.0,887078.0,874326.0,861840.0
813,indianexpress.com,92.0,74.0,2905738.0,1312705.0,1181093.0,1162103.0,1100620.0,1034588.0,955056.0
814,dropbox.com,13.0,6.0,4401950.0,1798525.0,1481420.0,1477364.0,1464286.0,1450190.0,1435096.0
815,vectorstock.com,17.0,14.0,2505694.0,1558343.0,1032444.0,1009484.0,935362.0,840110.0,745970.0
816,kundelik.kz,43.0,32.0,8344031.0,3961623.0,1640121.0,1630977.0,1599961.0,1568991.0,1537277.0
817,issuu.com,55.0,42.0,11963721.0,6192142.0,5574678.0,5569849.0,5555186.0,5535529.0,5512592.0
818,entrepreneur.com,48.0,40.0,6003568.0,2141622.0,2011429.0,2009125.0,1998771.0,1991241.0,1982410.0
819,dawn.com,83.0,76.0,8192947.0,6069955.0,1861152.0,1815629.0,1653723.0,1492337.0,1322651.0
820,allrecipes.com,47.0,39.0,7837561.0,2360675.0,2228432.0,2223424.0,2205267.0,2171653.0,2108131.0
821,usps.com,70.0,46.0,4029170.0,1937541.0,1302400.0,1290146.0,1247240.0,1203798.0,1157772.0
822,chinayigui.com,226.0,223.0,7793623.0,6700732.0,3004753.0,2885021.0,2482977.0,2072565.0,1647809.0
823,code.org,23.0,19.0,2611635.0,1563578.0,1101507.0,1074603.0,993591.0,922801.0,855085.0
824,autodesk.com,78.0,58.0,16258607.0,6323041.0,4827010.0,4767926.0,4586208.0,4394798.0,4213554.0
825,youtube.com,27.0,26.0,3803814.0,1420749.0,1350015.0,1338199.0,1275596.0,1204776.0,1110958.0
826,wayfair.com,15.0,13.0,15267425.0,4554809.0,4546556.0,4546532.0,4546440.0,4546332.0,4546198.0
827,gazeta.ru,74.0,61.0,5445533.0,2509360.0,1660618.0,1656374.0,1642136.0,1625582.0,1607512.0
828,avaz.ba,60.0,33.0,6876024.0,2998584.0,2837372.0,2831904.0,2811938.0,2789830.0,2763709.0
829,ieee.org,6.0,6.0,102675.0,77124.0,38923.0,38533.0,37265.0,35591.0,34015.0
830,rokna.net,51.0,47.0,3193587.0,1963572.0,1473002.0,1451564.0,1380098.0,1309600.0,1229065.0
831,shopee.ph,87.0,60.0,10269815.0,4929894.0,2877241.0,2842187.0,2730853.0,2597831.0,2466531.0
832,squarespace.com,168.0,149.0,8365497.0,4352145.0,2531565.0,2484411.0,2324243.0,2155755.0,2004657.0
833,cdc.gov,16.0,15.0,5868307.0,2558815.0,1275577.0,1261371.0,1213983.0,1168873.0,1123861.0
834,epwk.com,236.0,164.0,5621037.0,3457789.0,2364888.0,2355302.0,2322250.0,2284994.0,2243648.0
835,hindnow.com,23.0,16.0,3913429.0,1581074.0,1203555.0,1187765.0,1129089.0,1064763.0,1000538.0
836,ebay.ca,50.0,50.0,2478861.0,1328887.0,804762.0,796068.0,755155.0,693753.0,644733.0
837,westernjournal.com,41.0,33.0,4473990.0,1769914.0,1565087.0,1556671.0,1527621.0,1499483.0,1471690.0
838,apple.com,31.0,18.0,3643300.0,1577332.0,1141132.0,1133756.0,1112850.0,1087862.0,1066376.0
839,reddit.com,36.0,33.0,3417834.0,1613453.0,859797.0,853883.0,835065.0,813641.0,791268.0
840,nature.com,30.0,27.0,2204347.0,1029554.0,708517.0,703917.0,687615.0,665839.0,642505.0
841,weibo.com,52.0,50.0,3035691.0,1780536.0,1294208.0,1259888.0,1139636.0,1019720.0,886828.0
842,zendesk.com,69.0,61.0,8842985.0,3018786.0,2798563.0,2780025.0,2717765.0,2662093.0,2605970.0
843,healthline.com,88.0,80.0,8038101.0,4454540.0,2525776.0,2500656.0,2400916.0,2290006.0,2194848.0
844,pngtree.com,51.0,51.0,3480982.0,2531452.0,762376.0,744890.0,684880.0,618142.0,546716.0
845,dnevnik.ru,21.0,21.0,2574492.0,1158295.0,882972.0,877266.0,858574.0,841094.0,823664.0
846,ultimate.guitar.com,51.0,43.0,2061569.0,1255176.0,625303.0,611853.0,577209.0,541469.0,503075.0
847,dbs.com.sg,48.0,46.0,17827604.0,14595727.0,3945421.0,3771247.0,3214583.0,2742389.0,2291677.0
848,xmnn.cn,93.0,93.0,6676158.0,6295237.0,872747.0,833963.0,703549.0,565315.0,416427.0
849,discord.com,10.0,1.0,12246905.0,3396152.0,3395627.0,3395595.0,3395581.0,3395553.0,3395517.0
850,amazon.com.au,127.0,100.0,2661129.0,1665688.0,1332309.0,1298099.0,1172890.0,1039866.0,905082.0
851,albawabhnews.com,36.0,33.0,1347730.0,1142774.0,516980.0,498506.0,438412.0,377622.0,312570.0
852,uptodown.com,33.0,22.0,2054793.0,672939.0,441280.0,438372.0,429548.0,415978.0,402788.0
853,eba.gov.tr,23.0,12.0,5961988.0,2909718.0,2818076.0,2816266.0,2810020.0,2802302.0,2793936.0
854,thingiverse.com,301.0,40.0,8919515.0,6766553.0,4385324.0,4347986.0,4211216.0,4079512.0,3958762.0
855,vnexpress.net,227.0,186.0,13091075.0,7225789.0,3830961.0,3812237.0,3750911.0,3688043.0,3625159.0
856,webex.com,139.0,89.0,9155552.0,5591219.0,3738577.0,3657453.0,3410639.0,3164675.0,2930641.0
857,pulzo.com,47.0,29.0,4294668.0,2557859.0,1399856.0,1369300.0,1251568.0,1124734.0,1011612.0
858,onlinesbi.com,31.0,28.0,2748869.0,2430848.0,629782.0,609682.0,539108.0,456614.0,366892.0
859,chinafloor.cn,190.0,190.0,3893585.0,3857621.0,2287207.0,2237657.0,2065529.0,1884647.0,1693447.0
860,mercadolibre.com.mx,40.0,35.0,4046989.0,2536431.0,1366171.0,1325103.0,1196073.0,1044695.0,915301.0
861,google.com.ua,20.0,3.0,2124372.0,1087752.0,1087618.0,1087620.0,1087554.0,1085661.0,1079157.0
862,elcomercio.com,46.0,30.0,5195621.0,2891025.0,2003529.0,1993425.0,1958053.0,1923639.0,1886383.0
863,namu.wiki,13.0,5.0,2705106.0,909265.0,845994.0,845658.0,844256.0,842830.0,841254.0
864,indeed.com,17.0,4.0,4325902.0,1269335.0,1266508.0,1266508.0,1266508.0,1266508.0,1266508.0
865,wp.com,40.0,34.0,2094091.0,687610.0,684953.0,684953.0,684953.0,684953.0,684953.0
866,chess.com,16.0,15.0,3349615.0,1894339.0,1013398.0,1003216.0,962580.0,920211.0,870076.0
867,emofid.com,36.0,25.0,6374730.0,3044885.0,1919526.0,1903952.0,1857052.0,1809912.0,1758604.0
868,zillow.com,2.0,3.0,566479.0,495224.0,400513.0,398251.0,392677.0,387535.0,382535.0
869,donga.com,96.0,94.0,3547011.0,2204692.0,1425907.0,1398419.0,1301550.0,1206216.0,1103074.0
870,express.dhl,3.0,3.0,6005715.0,2557274.0,1944161.0,1908391.0,1826277.0,1740565.0,1653737.0
871,mega.nz,26.0,26.0,10633868.0,3668510.0,3080064.0,3064443.0,3008294.0,2918615.0,2819039.0
872,b2b168.com,215.0,214.0,28056835.0,27275623.0,6914499.0,6527713.0,5179827.0,3857377.0,2494709.0
873,google.co.th,20.0,3.0,1679627.0,694699.0,694565.0,694567.0,694501.0,692631.0,686127.0
874,realclearpolitics.com,81.0,69.0,20478488.0,4692010.0,4051984.0,4044154.0,4015652.0,3985698.0,3955636.0
875,idntimes.com,86.0,73.0,6362137.0,2601627.0,2109785.0,2096337.0,2050443.0,2003089.0,1949775.0
876,expedia.com,43.0,36.0,11443061.0,3790707.0,2882119.0,2876063.0,2854357.0,2832803.0,2810693.0
877,globo.com,120.0,85.0,6706254.0,3266685.0,2127693.0,2106191.0,2000907.0,1871131.0,1772715.0
878,flashscore.com,328.0,324.0,8464472.0,2451333.0,2164605.0,2159269.0,2139559.0,2118053.0,2092047.0
879,tencent.com,108.0,82.0,24783789.0,16402519.0,14047787.0,13974119.0,13686519.0,13419855.0,12724272.0
880,tokopedia.com,71.0,49.0,1716967.0,671364.0,473218.0,467150.0,444060.0,418434.0,391466.0
881,caf.fr,21.0,21.0,2255961.0,1348881.0,676441.0,669937.0,646563.0,622637.0,595581.0
882,people.com.cn,108.0,106.0,6215904.0,5964127.0,1344202.0,1283814.0,1081986.0,879498.0,662362.0
883,payoneer.com,181.0,105.0,27157175.0,3655168.0,3439923.0,3433917.0,3412523.0,3393247.0,3374515.0
884,disqus.com,25.0,19.0,2495828.0,1079766.0,1075011.0,1073369.0,1062669.0,1038595.0,1002604.0
885,focus.cn,86.0,82.0,4578721.0,3134047.0,1319372.0,1298360.0,1225186.0,1144342.0,1057894.0
886,rakuten.sec.co.jp,121.0,106.0,6486623.0,4299780.0,1983180.0,1950693.0,1831797.0,1692059.0,1529090.0
887,nasa.gov,17.0,12.0,8806019.0,7958234.0,7577572.0,7571562.0,7550318.0,7527458.0,7501940.0
888,byjus.com,78.0,46.0,4199489.0,2568075.0,1598366.0,1586070.0,1530858.0,1452052.0,1392172.0
889,usbank.com,37.0,17.0,3986190.0,1269309.0,1158156.0,1153052.0,1134318.0,1116512.0,1097120.0
890,apple.com.cn,29.0,16.0,5037301.0,3533012.0,3012249.0,3003639.0,2979293.0,2950217.0,2925833.0
891,futbin.com,199.0,187.0,15166714.0,7675127.0,4700209.0,4653941.0,4495013.0,4327484.0,4169425.0
892,superhaber.tv,34.0,18.0,3755645.0,1415287.0,1292153.0,1286795.0,1260089.0,1233723.0,1210687.0
893,protonmail.com,15.0,8.0,1897956.0,1344508.0,764909.0,738151.0,656745.0,571107.0,487109.0
894,onelogin.com,27.0,15.0,7251213.0,2966476.0,1780773.0,1773809.0,1750415.0,1725349.0,1699455.0
895,cnbcindonesia.com,185.0,98.0,9461357.0,3408743.0,2962676.0,2941296.0,2868486.0,2792112.0,2704125.0
896,archive.org,36.0,27.0,1132572.0,541185.0,385115.0,381755.0,370573.0,358501.0,345397.0
897,libero.it,61.0,45.0,2762594.0,939720.0,923359.0,923359.0,923359.0,923312.0,920736.0
898,bola.net,103.0,86.0,6176556.0,2901147.0,1764586.0,1746718.0,1683826.0,1614392.0,1538112.0
899,nvidia.com,66.0,66.0,7705380.0,1941563.0,1927882.0,1927882.0,1927882.0,1927882.0,1927882.0
900,lenta.ru,143.0,100.0,13590399.0,8032259.0,5255894.0,5150298.0,4798808.0,4434684.0,4042886.0
901,getresponse.com,20.0,9.0,608744.0,143981.0,143073.0,143073.0,143073.0,143073.0,143073.0
902,infobae.com,53.0,38.0,4685108.0,2104926.0,1428981.0,1406213.0,1326427.0,1253461.0,1170213.0
903,19888.tv,147.0,144.0,2172829.0,1820781.0,461892.0,446370.0,393972.0,336516.0,278454.0
904,audible.com,60.0,35.0,3472423.0,1294386.0,1114534.0,1109858.0,1093804.0,1075364.0,1055650.0
905,transferwise.com,30.0,21.0,5884266.0,1918890.0,1598964.0,1597700.0,1593858.0,1589620.0,1585072.0
906,haqqin.az,69.0,40.0,4097528.0,2422627.0,1445767.0,1436289.0,1402776.0,1360703.0,1316657.0
907,onesignal.com,7.0,7.0,1622244.0,506740.0,504759.0,504759.0,504759.0,504759.0,504759.0
908,msn.com,68.0,67.0,2155925.0,1122554.0,870263.0,854057.0,801139.0,744923.0,685273.0
909,tudou.com,5.0,3.0,1445511.0,438125.0,437800.0,437750.0,437586.0,437474.0,437378.0
910,jb51.net,80.0,60.0,2409146.0,2347899.0,688629.0,665899.0,588003.0,507809.0,417530.0
911,force.com,29.0,22.0,5039630.0,1817045.0,1491443.0,1489333.0,1483599.0,1477159.0,1470463.0
912,usnews.com,70.0,57.0,8754480.0,2048810.0,1976572.0,1974062.0,1965212.0,1957012.0,1947960.0
913,khanacademy.org,48.0,48.0,4002473.0,1733502.0,1496432.0,1461529.0,1349744.0,1227585.0,1126577.0
914,capitalone.com,29.0,17.0,5798902.0,1883222.0,1783412.0,1778332.0,1763820.0,1749080.0,1733444.0
915,ytmp3.cc,16.0,16.0,1480337.0,591472.0,504954.0,502506.0,494924.0,484142.0,472880.0
916,ign.com,77.0,59.0,14476950.0,6914688.0,4292728.0,4256536.0,4134164.0,4012350.0,3889474.0
917,salesforce.com,39.0,31.0,5627002.0,2190772.0,1659870.0,1652454.0,1627643.0,1600615.0,1572345.0
918,docin.com,57.0,36.0,1582756.0,642764.0,442348.0,438324.0,425038.0,409602.0,392758.0
919,w3school.com.cn,13.0,13.0,472492.0,341381.0,145418.0,142984.0,135926.0,126736.0,117536.0
920,slickdeals.net,125.0,98.0,7872248.0,2686471.0,2597434.0,2596512.0,2588395.0,2572577.0,2555913.0
921,crunchyroll.com,11.0,4.0,2089734.0,655498.0,613072.0,612260.0,609330.0,606060.0,602750.0
922,hao123.com,58.0,40.0,1215648.0,602468.0,428380.0,425932.0,418038.0,409462.0,400622.0
923,trello.com,29.0,12.0,2365789.0,1110306.0,890502.0,881258.0,849811.0,820087.0,791521.0
924,agah.com,33.0,27.0,3266418.0,1996618.0,1608103.0,1589155.0,1521813.0,1450742.0,1375314.0
925,chinaz.com,5.0,3.0,1386315.0,448492.0,448492.0,448492.0,448492.0,448492.0,448492.0
926,freepik.com,30.0,21.0,6404499.0,2214812.0,1847006.0,1835494.0,1793352.0,1750496.0,1705904.0
927,tutsplus.com,22.0,21.0,1914678.0,807424.0,592685.0,589049.0,573918.0,545585.0,506711.0
928,elpais.com,47.0,19.0,7720906.0,3563243.0,2316765.0,2297915.0,2226439.0,2157083.0,2084507.0
929,amazon.es,129.0,70.0,3587094.0,1881206.0,1602791.0,1567991.0,1453151.0,1337125.0,1219113.0
930,disneyplus.com,18.0,10.0,3182136.0,1242025.0,1238435.0,1238435.0,1238435.0,1238435.0,1238435.0
931,indiatoday.in,52.0,30.0,7814440.0,3175560.0,2443700.0,2441148.0,2431812.0,2421998.0,2409761.0
932,sourceforge.net,27.0,11.0,1195187.0,462060.0,400763.0,398889.0,393889.0,388407.0,383193.0
933,softonic.com,79.0,68.0,3675362.0,1360761.0,1253298.0,1242544.0,1213152.0,1182488.0,1153016.0
934,livedoor.com,20.0,18.0,1681424.0,677211.0,550467.0,548027.0,535154.0,518878.0,500790.0
935,espncricinfo.com,48.0,36.0,5648894.0,1892564.0,1838390.0,1836844.0,1830609.0,1818543.0,1806895.0
936,goal.com,23.0,19.0,4031190.0,1777729.0,1756444.0,1754418.0,1748226.0,1738228.0,1703765.0
937,gettyimages.com,77.0,64.0,9411925.0,6995999.0,4002002.0,3865670.0,3341493.0,2779843.0,2117131.0
938,cricbuzz.com,23.0,19.0,1473409.0,536074.0,485477.0,484639.0,481797.0,478777.0,471204.0
939,medicalnewstoday.com,39.0,34.0,3754720.0,1709533.0,1524458.0,1508244.0,1449922.0,1394904.0,1344306.0
940,moneycontrol.com,108.0,81.0,7737566.0,2646311.0,2617481.0,2613448.0,2599162.0,2568210.0,2525502.0
941,selfridges.com,49.0,35.0,5763189.0,2075039.0,1908985.0,1887829.0,1805069.0,1718987.0,1632503.0
942,ccleaner.com,31.0,28.0,7173667.0,2790239.0,1741002.0,1738978.0,1732780.0,1727178.0,1721740.0
943,momoshop.com.tw,450.0,413.0,20361711.0,17854098.0,6536696.0,6306367.0,5502002.0,4525693.0,3597021.0
944,dagospia.com,30.0,26.0,3428160.0,1611143.0,1503268.0,1501986.0,1477509.0,1361988.0,1215686.0
945,canada.ca,10.0,5.0,1923288.0,712238.0,622083.0,617573.0,599191.0,584283.0,567579.0
946,infusionsoft.com,44.0,33.0,6426013.0,2391306.0,1719185.0,1716533.0,1709295.0,1700983.0,1690213.0
947,ballotpedia.org,69.0,50.0,9757531.0,4616990.0,2910681.0,2862679.0,2720539.0,2571241.0,2428591.0
948,ibm.com,34.0,29.0,6448791.0,1837030.0,1773415.0,1763378.0,1726854.0,1688860.0,1646152.0
949,verizon.com,42.0,25.0,8525370.0,2837619.0,2435587.0,2430835.0,2416637.0,2402399.0,2389099.0
950,houzz.com,42.0,30.0,9988993.0,2592566.0,2519357.0,2511347.0,2483797.0,2456291.0,2426295.0
951,google.com.tw,20.0,4.0,1611900.0,579368.0,577716.0,577600.0,577088.0,574692.0,567754.0
952,bestbuy.com,5.0,1.0,1572538.0,477590.0,473351.0,473319.0,473287.0,473255.0,473219.0
953,springer.com,40.0,21.0,3370752.0,1185556.0,993216.0,990928.0,982408.0,973052.0,962550.0
954,lancers.jp,76.0,67.0,6113248.0,3245231.0,2793295.0,2789847.0,2774327.0,2750541.0,2731995.0
955,teamviewer.com,15.0,3.0,2342159.0,1078409.0,1071495.0,1069661.0,1067151.0,1065343.0,1063445.0
956,forbes.com,64.0,62.0,7574186.0,2872105.0,2721048.0,2716833.0,2694536.0,2655792.0,2606807.0
957,nypost.com,160.0,139.0,12282570.0,6272756.0,3513209.0,3490705.0,3400649.0,3315355.0,3228285.0
958,5ch.net,8.0,8.0,786752.0,394619.0,232553.0,231481.0,228321.0,224743.0,220881.0
959,cnzz.com,71.0,64.0,4542301.0,3187195.0,1126517.0,1106003.0,1036211.0,958545.0,884565.0
960,macys.com,78.0,52.0,9936875.0,2833190.0,2720935.0,2714563.0,2692671.0,2669057.0,2646349.0
961,wiley.com,33.0,30.0,5985094.0,2516192.0,1901655.0,1885123.0,1829563.0,1775147.0,1700458.0
962,marriott.com,43.0,30.0,20919554.0,13723557.0,9335552.0,8984198.0,7712907.0,6525193.0,5267251.0
963,pdfdrive.com,47.0,45.0,1546448.0,850587.0,682243.0,675843.0,654440.0,631488.0,606754.0
964,brilio.net,104.0,99.0,5000982.0,2292281.0,1826263.0,1799567.0,1713818.0,1622050.0,1522740.0
965,irs.gov,24.0,20.0,6020072.0,2109167.0,1722006.0,1713960.0,1685300.0,1655154.0,1621106.0
966,miro.com,38.0,18.0,6311607.0,2272052.0,1948013.0,1937313.0,1911975.0,1886435.0,1867941.0
967,getintopc.com,27.0,27.0,617386.0,289997.0,211516.0,205300.0,182838.0,161722.0,143090.0
968,cnnic.cn,53.0,49.0,2711353.0,2728262.0,739348.0,728282.0,690822.0,646906.0,600436.0
969,uzone.id,40.0,27.0,3186257.0,1301869.0,1140129.0,1136958.0,1125978.0,1112832.0,1096430.0
970,amazon.it,133.0,60.0,2432757.0,1392254.0,1074032.0,1049214.0,965236.0,874330.0,777978.0
971,google.com.sa,20.0,3.0,1792002.0,754021.0,753887.0,753889.0,753823.0,751953.0,745449.0
972,wp.pl,90.0,60.0,3710296.0,1696227.0,1476477.0,1450759.0,1357183.0,1262913.0,1155685.0
973,saednews.com,35.0,34.0,2960474.0,1819192.0,1101203.0,1074935.0,987559.0,899069.0,808223.0
974,box.com,18.0,6.0,4871480.0,1451979.0,1214726.0,1212774.0,1205910.0,1198026.0,1189698.0
975,schoology.com,30.0,28.0,4296042.0,3174218.0,767039.0,757887.0,727359.0,692819.0,656441.0
976,olx.pl,60.0,16.0,6761614.0,2151334.0,2129751.0,2129245.0,2127761.0,2126059.0,2124353.0
